path,bytes,sha256
.gitignore,148,d79f1129003c844153d4f48e76b9ec1bbbd05aa5daa98d9ae3d84d576e930f8d
.zenodo.json,1077,989b78b22c128f848bfb26cedcb37fd9d00fe3f4f6e245fc81a48d88a57c2930
CITATION.cff,815,27a31da86a3d0ad1b0363cb5d6fa3780b3f1ff0f04d6088281305165bc441400
configs/aitod_v2.template.yaml,266,09a9beae35ea536b5c7149114b9145feec1a54ed16b5c4bc376c65a8eedb1a4e
data/dense_grid_v3/population/manifest.json,3628,f6427ea0715be2b7b6f7cff3ab0408fddc1929b9afc69b792d6b45d79d11cffd
data/dense_grid_v3/population/per_direction_boundary_events.csv,10570789,ee33d0927ebbb9953a8e0e3f6c02956ef02cb6570beb3660e03ab172527e897d
data/dense_grid_v3/population/selected_images.csv,18125,ede67e6397f8c5b6fdef1487485ace54c4b59a2fdda54932ed1f2192333f4da6
data/dense_grid_v3/population/summary.json,1086,d07f01efe23270cf54210057340c9eca72f8a9b5cef88a5934f3d2f51d46923b
data/dense_grid_v3/postprocess/OUTPUT_INVENTORY.json,12552,e75608ef54c39566bb7042bba8ada481cbd8a1d2eba5a82b11c48fd8637d34c2
data/dense_grid_v3/postprocess/OUTPUT_INVENTORY.json.sha256,88,9455783b9a63013c16f47ce09cf4d5f0ce2808fc44ec8e164d883e222e64d2de
data/dense_grid_v3/postprocess/PLAN.json,1464,0e139c2f2fc4c3650e4d7e9c9ac53f36289e1e0229631a21b810eb57d972af30
data/dense_grid_v3/postprocess/SHA256SUMS.txt,7107,f9af6b9a9b6d9d9a335072c1073f7f90475af15bafe12794490eef969664149d
data/dense_grid_v3/postprocess/SOURCE_HASHES.json,614,ba06800ebf73b322fc825e1e89933d3f8461710ef490fd7498d356beafdee4f3
data/dense_grid_v3/postprocess/SOURCE_VALIDATION.json,551,a66f4cb3cdbecfa1f2dd71dd4333b1ddd6625c5a853ff1707ad0b6da84ff5782
data/dense_grid_v3/postprocess/tau_00500/analysis_results.json,478722,442c85da2de330646e0e783b8ba2cff771b8b5fb8103e37e55113683dbdaa955
data/dense_grid_v3/postprocess/tau_00500/COMMAND.json,840,fedbe67f7f7eb58be6de0716096dce3c7dbfb85a0d267b547368acea69fef11d
data/dense_grid_v3/postprocess/tau_00500/margin_construct.csv,1472,e818cfd5a12b167b8aea1f174368a5d2f1457fa84a31251a6b4d03c6b565ea22
data/dense_grid_v3/postprocess/tau_00500/o2m_endpoint_rank_set.csv,8679,c62f4336e47067ae71d7d886133b97c2224b12440b1b8d631e5e9dfbd0ffefcf
data/dense_grid_v3/postprocess/tau_00500/OUTPUT_INVENTORY.json,2128,d72de7b78562c9f49bc85fd81f52a00bbf1951e87e9fa7ca9d04144c5c671b46
data/dense_grid_v3/postprocess/tau_00500/OUTPUT_INVENTORY.json.sha256,88,8df8d15db5bd36d94eac26d35a3be34e2e9b0cdb184f805a60af23402b678acb
data/dense_grid_v3/postprocess/tau_00500/return_transition.csv,7008,eb5f5fb5588d414081403757f1b2cf3e42adfe4aa6c54a58090bebe8b479a9e3
data/dense_grid_v3/postprocess/tau_00500/rho_R_status.csv,1494,852482d938a5c10e61834a3327d342a5b6134b42b895cc291066bc7d45c43bab
data/dense_grid_v3/postprocess/tau_00500/rmsr.csv,1462,dfdaf0db95ac2e64d272da21fd4f5f5331a0395002d0db87299cd55e84b1097c
data/dense_grid_v3/postprocess/tau_00500/rmsr_contrasts.csv,964,f916abd6a835ce09047dec2628d3597eb06ba13a31ae96428be53d67dfa94dee
data/dense_grid_v3/postprocess/tau_00500/SHA256SUMS.txt,1081,74c571fc800ef41446faf2f07c9305576e74122c3efa1684c080ce009236f5a8
data/dense_grid_v3/postprocess/tau_00500/summary.json,2647,dc36c5c45180dd987bc17ebfcc28c112a410383dbebecbc5115052ba92e609d5
data/dense_grid_v3/postprocess/tau_00500/survival_cif.csv,172834,ba10344f6950b6e1fbb9a64d0a187cb2e08121e697ea53dbc7009d4847cfa4c6
data/dense_grid_v3/postprocess/tau_00625/analysis_results.json,614901,091af1126a0095610d24222cdaaeb7a095aaf3e4fce8648056fb21b1b7d21a52
data/dense_grid_v3/postprocess/tau_00625/COMMAND.json,856,ae98a188929447884404a95b4ab7ee0c1f0e2358576086e8c425b38086e692f6
data/dense_grid_v3/postprocess/tau_00625/margin_construct.csv,1472,e818cfd5a12b167b8aea1f174368a5d2f1457fa84a31251a6b4d03c6b565ea22
data/dense_grid_v3/postprocess/tau_00625/o2m_endpoint_rank_set.csv,17216,41ccab3db1bbbcb8253dd12917a9fd1fe51228aee76f0a0f5fb28bf5a6e62dc3
data/dense_grid_v3/postprocess/tau_00625/OUTPUT_INVENTORY.json,2130,5c5ba8a37b04d5fc320532827b5e9428875e3f615b5278283e7c59d71313e9df
data/dense_grid_v3/postprocess/tau_00625/OUTPUT_INVENTORY.json.sha256,88,694c36b038c65fe2a9be123d73a32333a21b61de3a998fd2a80222fe840dfecb
data/dense_grid_v3/postprocess/tau_00625/return_transition.csv,13839,d9063199393e6e39a4b35d434f28643cf881c9a731cbd33087f86000bd875fcf
data/dense_grid_v3/postprocess/tau_00625/rho_R_status.csv,1494,852482d938a5c10e61834a3327d342a5b6134b42b895cc291066bc7d45c43bab
data/dense_grid_v3/postprocess/tau_00625/rmsr.csv,1473,40faf4a7a59316b8f4dff75466fd938efef2e57d1cee3e9ae700ecc509cfd32f
data/dense_grid_v3/postprocess/tau_00625/rmsr_contrasts.csv,971,1be655cbe4b74aa55741ea09ac8e720d7d28bdf10e92cd07bf42c134871e5af1
data/dense_grid_v3/postprocess/tau_00625/SHA256SUMS.txt,1081,59c471a3a925d9b6c1ad1b3df4ba36b28f619f066483ec01ee0d60b3ff70a508
data/dense_grid_v3/postprocess/tau_00625/summary.json,2662,c8fa2bdaa446919cf671c4a4f75f1df493d1e24203c5342da6b68da76ea02ccc
data/dense_grid_v3/postprocess/tau_00625/survival_cif.csv,214130,20c447730f63968a4109fee9bc72f9cec464fb5b881a3f49f8cfc1286221acd0
data/dense_grid_v3/postprocess/tau_01000/analysis_results.json,965598,9a9c43d08e1a699524cfcade1b4b70f88036ecc8cad44e519d722d4440b06e14
data/dense_grid_v3/postprocess/tau_01000/COMMAND.json,864,884c41aa3a05bed28baf9068697e7c8142aa3ab4ef9e823103e82a332053e3d8
data/dense_grid_v3/postprocess/tau_01000/margin_construct.csv,1472,e818cfd5a12b167b8aea1f174368a5d2f1457fa84a31251a6b4d03c6b565ea22
data/dense_grid_v3/postprocess/tau_01000/o2m_endpoint_rank_set.csv,21737,9d87f603a0b33347a7c9058370234f3fefe3594bb7c6512077d23795b1793a76
data/dense_grid_v3/postprocess/tau_01000/OUTPUT_INVENTORY.json,2131,3b57bc5121f94e9ad96715bce124085936245da0233253909ac1f543862ae698
data/dense_grid_v3/postprocess/tau_01000/OUTPUT_INVENTORY.json.sha256,88,ad73646910f3c8994b8359bcae50cd506593d04a150d8fbac36689acc90bf926
data/dense_grid_v3/postprocess/tau_01000/return_transition.csv,17813,ac2dd6df0b8f56b47dac8150b50cd893e561ca7b2a17159e37eb26dc1e386605
data/dense_grid_v3/postprocess/tau_01000/rho_R_status.csv,1494,852482d938a5c10e61834a3327d342a5b6134b42b895cc291066bc7d45c43bab
data/dense_grid_v3/postprocess/tau_01000/rmsr.csv,1437,92e5f90bc0f4bd299c54fe091820eb96b6f4da5bb2424aa8ffb63d95adeef8e3
data/dense_grid_v3/postprocess/tau_01000/rmsr_contrasts.csv,941,ada6e5f87a6343e8b261e5e21372c9a0e124eb20b7bf7c083312acf231273498
data/dense_grid_v3/postprocess/tau_01000/SHA256SUMS.txt,1081,f98f34e3b9d837eb1150f86db9d41348fa025c3d367fd1d3838f104cfdb4f827
data/dense_grid_v3/postprocess/tau_01000/summary.json,2669,0a35c038ee681ae30df296f89d74167a5d15c9818f7e98e21372325bf0092934
data/dense_grid_v3/postprocess/tau_01000/survival_cif.csv,346488,03aad08868a7dea5f0b038a0c77ebf9d349b95debaa74e683681c3ee8a6d99c4
data/dense_grid_v3/postprocess/tau_01250/analysis_results.json,1177369,5e34589af03d12036dab22497d977a10eff9c72d1d436831dd6008b9aa2932c9
data/dense_grid_v3/postprocess/tau_01250/COMMAND.json,868,ac521705929d9a6f126df9a100ebd31e01d08cb5f8baa6cc4cc8659f4261ee9e
data/dense_grid_v3/postprocess/tau_01250/margin_construct.csv,1472,e818cfd5a12b167b8aea1f174368a5d2f1457fa84a31251a6b4d03c6b565ea22
data/dense_grid_v3/postprocess/tau_01250/o2m_endpoint_rank_set.csv,25643,d342aa8b4b415c20cc0202fe26d3033843c19c0dd2509e2ff8278e9a03aa8687
data/dense_grid_v3/postprocess/tau_01250/OUTPUT_INVENTORY.json,2132,5bd9436e3461ddf08b6fdff0a4264283bc37a732867ee21eb15078fac19a0147
data/dense_grid_v3/postprocess/tau_01250/OUTPUT_INVENTORY.json.sha256,88,5d9dbd3a8ef67cf8cf7842f2d5b085099025bbe633882a585ba6e15c48464b3a
data/dense_grid_v3/postprocess/tau_01250/return_transition.csv,20553,e4141e3db6da0b5b61c6ad0818dec3db89bdac049be746b8314868c3f1752550
data/dense_grid_v3/postprocess/tau_01250/rho_R_status.csv,1494,852482d938a5c10e61834a3327d342a5b6134b42b895cc291066bc7d45c43bab
data/dense_grid_v3/postprocess/tau_01250/rmsr.csv,1464,58505fa4a2ce39bbfb86bf7de769b63b35f4c003bc11898317b7c116933fe725
data/dense_grid_v3/postprocess/tau_01250/rmsr_contrasts.csv,949,9a0ad9465f0573b46c366231b14784f467579d68d2de96fdc5f01b1f10cb5027
data/dense_grid_v3/postprocess/tau_01250/SHA256SUMS.txt,1081,0a4047d0bfaabd66594f5f9cf68434e0cba8d884eda8cc578d580f975fa6f405
data/dense_grid_v3/postprocess/tau_01250/summary.json,2673,8a75c998d1935e5b55bc6e9d624c2a8d59ae1d63f4882bc8cd800b405832a242
data/dense_grid_v3/postprocess/tau_01250/survival_cif.csv,433569,1a90951b52587823e82fe89c99a12c8512030f465a66915028285ed8a2773740
data/dense_grid_v3/postprocess/tau_02000/analysis_results.json,1853962,d46bc888a28d1a907110ae621185cbac044335ff8b86ca5b9ae644018aa5858c
data/dense_grid_v3/postprocess/tau_02000/COMMAND.json,877,6a189ac64398654a137b31cffbe923a98d037858566f6cdaae30ceccd9ec0dd8
data/dense_grid_v3/postprocess/tau_02000/margin_construct.csv,1472,e818cfd5a12b167b8aea1f174368a5d2f1457fa84a31251a6b4d03c6b565ea22
data/dense_grid_v3/postprocess/tau_02000/o2m_endpoint_rank_set.csv,30056,ad7527b030a681d552408e9b85471b9b2c23ee4f7f09c35f8a8b607c66a357b8
data/dense_grid_v3/postprocess/tau_02000/OUTPUT_INVENTORY.json,2132,218c4d01262824ce1153db317ae7413451222cf450fa04abcf3dd61b2ed12f75
data/dense_grid_v3/postprocess/tau_02000/OUTPUT_INVENTORY.json.sha256,88,6c908f35acd331f3e1bb0afa5bf80896f7ffe6a39ea19f4c6940e411d16315f2
data/dense_grid_v3/postprocess/tau_02000/return_transition.csv,24527,1ab0d7e7b84370a612b78b0790fc0e2585edc28ebcce4aa1b0e480d90251208b
data/dense_grid_v3/postprocess/tau_02000/rho_R_status.csv,1494,852482d938a5c10e61834a3327d342a5b6134b42b895cc291066bc7d45c43bab
data/dense_grid_v3/postprocess/tau_02000/rmsr.csv,1436,31e03130a0f754a92d7463319b5d094f1b5bb3c8437e1a7eac99e080efa502bf
data/dense_grid_v3/postprocess/tau_02000/rmsr_contrasts.csv,924,7a20f920d38e312b62ac57e9e55be85cdc6e11b232c6d568e0d171b232dc3af3
data/dense_grid_v3/postprocess/tau_02000/SHA256SUMS.txt,1081,9954a68547f26b919a57bdaee23b400bf36694dc8ff667e4aa2ac1a39f30457e
data/dense_grid_v3/postprocess/tau_02000/summary.json,2681,6bba2e660251e78d431f9f272bb5c59bf2cf4f184d020cb524d98ccb950c8d30
data/dense_grid_v3/postprocess/tau_02000/survival_cif.csv,703661,d12910cab32aeebe063d69371801ffd7c8c29308605b6f4a649f7eab296d674c
data/dense_grid_v3/postprocess/tau_02500/analysis_results.json,2283599,efcc4802be81e57126256881fa42aaf4385dbd1ddd794075f5b0224008611362
data/dense_grid_v3/postprocess/tau_02500/COMMAND.json,879,47f667d1d6181c3ded7187aa3ad3cf0d353f8c2576ee54b4d011c48221001c35
data/dense_grid_v3/postprocess/tau_02500/margin_construct.csv,1472,e818cfd5a12b167b8aea1f174368a5d2f1457fa84a31251a6b4d03c6b565ea22
data/dense_grid_v3/postprocess/tau_02500/o2m_endpoint_rank_set.csv,34006,442349f7602fadf263f420f34acb1b2bb618fd5163435bb98473ee4eb54cc197
data/dense_grid_v3/postprocess/tau_02500/OUTPUT_INVENTORY.json,2132,37a0a1751ab5012eafcff9045d8e0348ecfebd62b5f8b54ebb21d721e0a73560
data/dense_grid_v3/postprocess/tau_02500/OUTPUT_INVENTORY.json.sha256,88,9273652c9a9dc2ea4dee29f91b3b6a23340e614ca093440ed9b034054711c9a5
data/dense_grid_v3/postprocess/tau_02500/return_transition.csv,27235,64b320c876f12293233693944cf51518c03c31c8c313d3558b424576c8a91296
data/dense_grid_v3/postprocess/tau_02500/rho_R_status.csv,1494,852482d938a5c10e61834a3327d342a5b6134b42b895cc291066bc7d45c43bab
data/dense_grid_v3/postprocess/tau_02500/rmsr.csv,1437,5d35b89d4376d3b8e4305408d00bae48598220ce0ac6622ac6a4ea41fb16a0e9
data/dense_grid_v3/postprocess/tau_02500/rmsr_contrasts.csv,928,1aa4a5fc47c80230f93fe3a78b6b467a702e8336e657a2728394d7d2813fae92
data/dense_grid_v3/postprocess/tau_02500/SHA256SUMS.txt,1081,c48e4f91a92fcf87e78b89aa33bd6b56f51f7993ebe7cf4a4210e860f8a85d61
data/dense_grid_v3/postprocess/tau_02500/summary.json,2683,52245491faf153e687a5bc6d6414aef382e8eaa19b386aa8a4de589be8338ec5
data/dense_grid_v3/postprocess/tau_02500/survival_cif.csv,882152,9a6fbb13373b6cd1803ea2b6ae2e0d5a1cff1355025dc92fbd475066a1acbdf3
data/dense_grid_v3/postprocess/TERMINAL_VALIDATION.json,8205,a7982e8dc8c6af78fd51faca6c1ab4f7232f99eef10e09eacf242dba1dd8d80d
DATA_DICTIONARY.md,2031,2593498996554cb95010d6869cb36d026457692f88a9c1634e0c932d94cbf16b
docs/DATA_DICTIONARY.md,2031,2593498996554cb95010d6869cb36d026457692f88a9c1634e0c932d94cbf16b
docs/DATASET_ACCESS.md,341,d6eef85e7e8e4a24854f129a95cd395f6aaf88014d687dfd78a6b4739daf1c1c
docs/EVIDENCE_HIERARCHY.md,690,5702337fb8b6903be49dcfa054e463f7adcf78a5f3165fcfe0f7031b6d2b60ff
docs/LOCKBOX_STATUS.md,617,d54a28c9cb091b7fc17eb9901b4d4557698fdd113796e36916dc9dd6b4a1f6ac
docs/RELEASE_ASSET_MANIFEST.csv,1365,ed553fdef6804773d8195618f76fe2c02bb36e4875f56d334ea9b7b2f3d4291a
docs/RELEASE_ASSETS.md,1159,6cad6240c7ea328b1b86fb2d278f38644fff925c4a3184c40dc7e21fd4cbb8bf
docs/REPRODUCIBILITY.md,1669,73bc7f57153a96eb48b09e6b565c36cfae60b52b7dbadf1fd3562c87f722c85a
evidence/artifacts/lockbox_runs/post_lockbox_corrective_v1/manifest.json,1379,49b338c604a440ea4446f2dd86bf8c4da72c99924ddd987b21c660c2d59d851a
evidence/artifacts/lockbox_runs/post_lockbox_corrective_v1/POST_LOCKBOX_CORRECTIVE_RESULTS.json,6040,714d11716540d8a9445326af3ddd424b5634a3d1588bbaa1280dc1ca88b0241c
evidence/artifacts/results/five_experiment_upgrade_20260830/anatomy_bootstrap_summary_v2.json,9221,ca23d877b18858bf2b8024cb280c0a91f5db47756cfb9057cfc9bcaa762ae2dd
evidence/artifacts/results/five_experiment_upgrade_20260830/anatomy_fixed_1px_v2/manifest.json,1091,5e2f0e689bc3d0630b3235d2cffbf65352ff40eb7ea0244bd6bf973e0574e5df
evidence/artifacts/results/five_experiment_upgrade_20260830/anatomy_normalized_k00625_v2/manifest.json,1098,2edf22926075fd74ca85d27d67a8bcb9013936fd438866905b5a04fea6c94cda
evidence/artifacts/results/five_experiment_upgrade_20260830/eligibility_stable_sensitivity_v2/summary.json,5026,27c12ddde8d15d144f7167f9fcc2f187b32dafb5cc5ccc9157c36ce0e2d750e7
evidence/artifacts/results/five_experiment_upgrade_20260830/learning_dynamics/inventory_manifest.json,667,86f2061092539a18ddc978daa2f5258c0f152248cf9fcdd5a42335901ff2638b
evidence/artifacts/results/five_experiment_upgrade_20260830/learning_dynamics/learning_dynamics_trajectory.csv,7454,3cb0c2d4bce8ca85d458a69a063c241457a72244feafa82465bf4ceaf1705aa9
evidence/artifacts/results/five_experiment_upgrade_20260830/yolov10_normalized_k00625/manifest.json,1508,c1e14e823fabfef6f8b6847c158b0da829f12d9e41ea7b4251e4c6ec8215270f
evidence/artifacts/results/five_experiment_upgrade_20260830/yolov10_normalized_k00625/normalized_perturbation_summary.json,1211,ca344ce4f99d92d4654b65c1c1e97818bf385f9d3a57695bc3e37d6f4af275eb
evidence/artifacts/results/measurement_validation_20260831/eligibility_lock_v1/manifest.json,831,d56fc71a5268fccc0926988205b00973b7bc979957dba913ef863a33c794a4c8
evidence/artifacts/results/measurement_validation_20260831/eligibility_lock_v1/summary.json,4769,dd01d94b093cf078ac22609e0066bfe1d3edab014c5c742c7231e26f7a5908df
evidence/artifacts/results/measurement_validation_20260831/fixed_branch_replay_v1/manifest.json,1599,38299ec8fdc5ede460922bd686334b02d914815b320dad01dd6e150bb36a975a
evidence/artifacts/results/measurement_validation_20260831/fixed_branch_replay_v1/normalized_perturbation_summary.json,1213,aece532fd9ea842247ed22ea03557e13ece6209144d83f3598beadd38ba0bcfe
evidence/artifacts/results/measurement_validation_20260831/mutation_suite_v1/mutation_validation.json,1518,9f59974b2d57ab375d6c84a4a9dd4e558acc972c28765ced6cd3beaa4b2def73
evidence/artifacts/results/measurement_validation_20260831/oracle_suite_v1/oracle_validation.json,3491,689a6dd98696bf364cbc622430ee21c51eecaa7f08fe954d66e9d5a1611d8f92
evidence/artifacts/results/measurement_validation_20260831/parity_deterministic_5k_v1/summary.json,829,391661c8eae8d10af84dcd2b81330bf5104aa783c35b5e5629a8401c016b8157
evidence/artifacts/results/measurement_validation_20260831/parity_full_v1/summary.json,828,68e933ddf4eab8b203b1e96a649128be9d17211eaa64132c432a67f1cca87822
evidence/artifacts/results/measurement_validation_20260902/dense_grid_convergence_gate_v3/convergence_gate.json,17159,ceb27e511178e57fdfe490994ccb8443a72e239a98917b66450f77e05240b109
evidence/artifacts/results/reviewer_controls_20260829/formal_s0e300_k00625/manifest.json,1726,5f98a6bd29d0e6c0c1b398c895a4fcd21001653a5bed197ee4fe3dae476484d5
evidence/artifacts/results/reviewer_controls_20260829/formal_s0e300_k00625/normalized_perturbation_summary.json,1221,5d09278684cf683a8b6227b7e792f162f01f3e65718327b6cf51e0fdc669b37b
evidence/artifacts/results/same_stride_conditional_v1/summary.json,7916,d41e8cc5fa55cbf32ee94c6d6637bafa169debaf122f6119cce06690777f773e
evidence/artifacts/results/stress_contract_sensitivity_20260829/frozen_matrix/kappa_sensitivity_matrix.csv,1610,38ee31b39b02f383cba7b816aa3b34fdccc7440d051cb725524bfb879815f0a8
evidence/artifacts/results/stress_contract_sensitivity_20260829/frozen_matrix/stress_contract_sensitivity.json,7840,1776ecbdff504d1e77e8842cc11d6513511470e7214d3fe846a5a1b4207e6601
evidence/artifacts/runs/20260831_boundary_geometry_formal_v2/artifact/margin_construct.csv,1478,084f2d5ead9fcadf7ba06d906fc7f85783d05db41808e47c2b5e8a7e2ca580de
evidence/artifacts/runs/20260831_boundary_geometry_formal_v2/artifact/rmsr_contrasts.csv,959,aec227c10adadfbc701f4ff0f1feeb65687a35672c1fecc25582a0a4fda02067
evidence/artifacts/runs/20260831_boundary_geometry_formal_v2/artifact/summary.json,2577,8e0b4339a9752894cf6ee91f06ef34dbe9b3505b3ae0ae6a6afc57742837063a
evidence/artifacts/runs/20260831_boundary_reference_formal_v2/artifact/manifest.json,2706,501fe2a809e8c2c09c8d6176ce077453adf3198de030ec0d950b301926b20680
evidence/artifacts/runs/20260831_boundary_reference_formal_v2/artifact/summary.json,421,4d3a9568f5be5e1798fdc6b29dc757f381aba6df53228d60967b0f75ebe62aa7
evidence/artifacts/runs/20260831_lockbox_precision_design_v1/artifact/precision_planning_summary.json,3285,f10d9407c79ca6e96871d997a4045b1269226390dba0b05e1df6eceb1e19e54f
evidence/artifacts/runs/20260831_lockbox_precision_design_v1/artifact/run_manifest.json,1998,e6bf946a934a95de1afe9c97431ffa7752902f3c90262cbf158ddacef34123c9
evidence/artifacts/runs/20260831_margin_shape_formal_v1/artifact/manifest.json,1330,64c94949ed181309489d3d57cf60e1cd9813adc26cf0cec4a6144db1a0c358e5
evidence/artifacts/runs/20260831_margin_shape_formal_v1/artifact/margin_shape_summary.json,9481,7c294e69980dd12e5d792a0eab0b8905b98017761c4262386ee616710dc3e0f0
evidence/artifacts/runs/20260831_sample_efficiency_1000_v1/artifact/manifest.json,1358,b449101853e1a72b5808b19f9900579f7cddf2273a0548c439890d24efed7a93
evidence/artifacts/runs/20260831_sample_efficiency_1000_v1/artifact/sample_efficiency_summary.csv,468,0b6a900f84404dddcc534754fb99ffbfa17bbe27732822c924cb43efedad8c77
evidence/artifacts/runs/20260831T161235_rank_set_fixed_v1/artifact/manifest.json,2353,de961a80da946e859922da09b814a087da60f91bed6e63a36dfc83c8a0379c38
evidence/artifacts/runs/20260831T161235_rank_set_fixed_v1/artifact/rank_set_summary.json,11393,649627210a886208014733f881429f6572f414d306bb051fe52c6ef2758ed4b4
evidence/artifacts/runs/20260831T162551_rank_set_normalized_v1/artifact/manifest.json,2361,d9623c38232f98948b69c1db8d2fc1e3192be25dd64c44c68be895cf7f30b893
evidence/artifacts/runs/20260831T162551_rank_set_normalized_v1/artifact/rank_set_summary.json,11386,7f1a83d6b538143dbf1ff38b8deecc7627795298d73733a72abfd4b7e102b11d
evidence/artifacts/runs/20260831T163900_preresolution_fixed_v1/artifact/manifest.json,2510,edebfc2fb8e9e35f5f57e4b6948bb949ebf0a83cf63a8f0f9041252a28fe4097
evidence/artifacts/runs/20260831T163900_preresolution_fixed_v1/artifact/summary.json,3549,964fc7b08e1edee1adc870cfa93d6b02f34f299d3022f311ad213a11288d8526
evidence/artifacts/runs/20260831T164000_preresolution_normalized_v1/artifact/manifest.json,2538,f452e8d711d700582fd7bf303cb62f4b7630d3cc1358a6a6b8f14592b6ef88c5
evidence/artifacts/runs/20260831T164000_preresolution_normalized_v1/artifact/summary.json,3552,6fa33d8c15749f526a64efe58fb477d5cb860c863d7774f05ff6e157935b0c80
evidence/artifacts/runs/20260901_spillover_formal300_v1/artifact/manifest.json,4446,986c89d346685fbe7ab13199489c4f3536bf489674698b6a2ba925981f0dd6dd
evidence/artifacts/runs/20260901_spillover_formal300_v1/artifact/summary.json,19938,eb18532d98ff6f4e651d4ccafb805981d774c6c8e24d76458d7df45a61f57f98
evidence/artifacts/runs/20260903_boundary_full_grid_1024_postprocess_v2/tau_01250/margin_construct.csv,1472,e818cfd5a12b167b8aea1f174368a5d2f1457fa84a31251a6b4d03c6b565ea22
evidence/artifacts/runs/20260903_boundary_full_grid_1024_postprocess_v2/tau_01250/rmsr_contrasts.csv,949,9a0ad9465f0573b46c366231b14784f467579d68d2de96fdc5f01b1f10cb5027
evidence/artifacts/runs/20260903_boundary_full_grid_1024_postprocess_v2/TERMINAL_VALIDATION.json,8205,a7982e8dc8c6af78fd51faca6c1ab4f7232f99eef10e09eacf242dba1dd8d80d
evidence/final_evidence_v3/build_final_evidence_v3.py,25345,70f6a3409ad2543f1ef33c1e6af15457678a2aecb9610796b20838b642ee238e
evidence/final_evidence_v3/CURRENT_EVIDENCE_LEDGER.json,104092,780e697fe6dd6c1a0a72d227e9b0258507af49f76c750bd0c5a638c6a33f0db8
evidence/final_evidence_v3/CURRENT_EVIDENCE_LEDGER.md,819,435db6ee701449b4fefcbfd08fff409ef9b5941147228345a5a70c334e43f93a
evidence/final_evidence_v3/EVIDENCE_FREEZE_REPORT.md,588,9cc6b68d7acfe0ea7c4fd7790a13fc5019634b78d778a8eba81592ef29b31610
evidence/final_evidence_v3/EXCLUDED_EVIDENCE.json,1517,3037032b9be2d0279dd633c69a3cc2946471abbd1d8c6ea696f85ff8ea3b31b3
evidence/final_evidence_v3/FINAL_EVIDENCE_MANIFEST.json,1658,49bde3ea5ac1c6cee77d2aca40d01bd36906698f77eee0cc982530c2bb3dbff3
evidence/final_evidence_v3/RESULT_TO_CLAIM_MAPPING.json,24249,48d4deaef3cff1733b88cbc4ad3ebb030d21f417016c4ba7bc83708129070c01
evidence/final_evidence_v3/SHA256SUMS.txt,830,4548531c9dde0745deec70fc0ed7018647e3f089c756e69a41554b2ef80118d0
evidence/final_evidence_v3/SOURCE_TO_RESULT_MAPPING.json,29524,30a2a3fe83d71de933db5b2d4ef7ef124e85541aed53b865c8a551b5c7df2976
evidence/final_evidence_v3/VALIDATION.json,801,528ed0b42a1da20931dae299637c6daa9cd32f425ef65ff038c279db5df6b394
evidence/lockbox_qa/lockbox_runs/OUTCOME_ACCESS_RECEIPT.json,1430,8a5eaee6703c75fec23ec287cf77db2f833a4d85540f21ac2c147b78a0464c83
evidence/lockbox_qa/lockbox_runs/OUTCOME_ACCESS_RECEIPT.json.sha256,94,64c57b9128d934578854dc9beb8234039d21ca5fd95748622bbf27d49524b1b8
evidence/lockbox_qa/reports/LOCKBOX_SOFTWARE_QA_CLOSED_20260904.md,3100,40b106e67a5504431d7c4a9d13ff735e9b0ab7ab40e34a90d07bd5e3653317d9
evidence/lockbox_qa/reports/PROSPECTIVE_LOCKBOX_ANALYZER_FAILED_V1.json,1839,62186be000c29ed6154549968e8179f4ae2aab29d5f5827a38a068d565fb34aa
evidence/lockbox_qa/results/measurement_validation_20260904/lockbox_analyzer_synthetic_cli_e2e_v2/E2E_REPORT.md,774,c8ae232446c8c042885bcdb9ba57ced900f78bf485090511161aa80124b82e36
evidence/lockbox_qa/results/measurement_validation_20260904/lockbox_analyzer_synthetic_cli_e2e_v2/E2E_RESULT.json,4135,853e5178f64d418f66a5ff0a7b16a45a545fda371ee8b00173655741fb23624d
evidence/lockbox_qa/results/measurement_validation_20260904/lockbox_analyzer_synthetic_cli_e2e_v2/SHA256SUMS.txt,162,97c14858bc05ad48ed19a733e2c270f7d6c62512352ab48436c02365e67d4f3d
evidence/lockbox_qa/results/measurement_validation_20260904/lockbox_repaired_analyzer_post_access_parity_v1/PARITY_REPORT.md,550,7b79f7f644b77037c4078760c4e9288f7a715c5d641385c3080d9762a04f9d74
evidence/lockbox_qa/results/measurement_validation_20260904/lockbox_repaired_analyzer_post_access_parity_v1/PARITY_RESULT.json,1491,aa059afe7889b3e91785b5e4f2dbc1af41da3d3fbc8367d1837181cf67bd5288
evidence/lockbox_qa/results/measurement_validation_20260904/lockbox_repaired_analyzer_post_access_parity_v1/SHA256SUMS.txt,168,0865345d40c946dcf0ddbfd9050f481e6d24b2f9ef9e73e6d9170460f064b75e
figures/provenance/FIGURE_CAPTIONS_DRAFT.md,7152,10bd36dbc830be8a82dfb42c2e026e5f1eab4c7f38a4a9586a22029c2730dde1
figures/provenance/FIGURE_EVIDENCE_ADDENDUM.json,5758,b6ba417f67f94c7b74a20702261edb234e6e08632ab75a9f062723e49a11d406
figures/provenance/FIGURE_EVIDENCE_MANIFEST.json,66009,0e0bddeecca8e9b05ee1c3ff99085da73286e4762124d103c4f72f9b8ec125ce
figures/provenance/FIGURE_EVIDENCE_MANIFEST.md,6000,4bfb026e17b7df99f872069e7300b6cf2b8a8b74c5f47b49f492aefbd35b8b85
figures/provenance/OLD_TO_NEW_FIGURE_MAPPING.md,1843,34cbe229fe59c8e086acc1d0fa6a6192e0b86f9502646a4edcb5bef7db4f0c4c
figures/qa/Fig1.validation.json,2983,2ab1189ee9826eea9fc533eb8b3103fbe4290ed8e4ca14467c373481e2a2e418
figures/qa/Fig2.validation.json,600,7438c3d91894e858f9b5d2f02bf8eb45a20f6df3326559ba11ffc06bec208793
figures/qa/Fig3.validation.json,4677,c087fd7964c4d7615cf212ee1af811fe461780640cae266ad08d6a8cb3af0620
figures/qa/Fig4.validation.json,4310,d8b2a7a56b54254efc66ee9e66d33766e7468496d58fdf15afc2a5cb423a85d8
figures/qa/Fig5.validation.json,716,8f8010bf288a2fb49fc2704bcc533004587c895948091a176a0cbe84ec0c4c0d
figures/qa/Fig6.validation.json,666,5786e9362b713eef0fb41dd5b40fbb0954330b7969903640ea9f990b0b3f1778
figures/qa/FigS1.validation.json,7986,c04c3201b6d9a1277dc8759343a9dc014f5b339f7f483d5b8397df544358fd8a
figures/qa/FINAL_FIGURE_QA.json,16981,bc3d8bff5426b69e9a575d5ca3b19c3922dfad52d84ff887dfd5e6f77e4386d2
figures/qa/FINAL_FIGURE_QA.md,865,0e03d60b351b707f99d8abbc38c099a6ee13fddc0c576cd1173b205f0f8e96cc
figures/README.md,670,d1d6484f90a68debe09677e1d1953564e27d44330e10d4c7d439d20c4ad6d902
figures/rendered/Fig2.pdf,51942,55a366e7a761a901a3d9dc97feda1d9f41879e1459297a18fb2e295d96cf1833
figures/rendered/Fig2.png,453278,ad9c722806a7db5daa7ec4a10f7ddd8e9ba72758f498d15ca625f62d194ef47b
figures/rendered/Fig2.svg,59049,25e6d43985d081acae7f9303f365e74c6f22be848d961f187d0ea06b1bde43db
figures/rendered/Fig3.pdf,56552,c378a26b8cbd527bf2cffa14e03959678fa172cb161bb09b2dd91e01906ceaf6
figures/rendered/Fig3.png,401249,3f711fc87964a6a82d2ad71132fa9c24f7973da841bd534eaae40de7526f8790
figures/rendered/Fig3.svg,59724,be16a6b1fb1e1cb04aee3fcb12af005408cb8f170ae09e52d6b62d89b25b5ebe
figures/rendered/Fig4.pdf,83915,bd65731a0096b6cea2878994e5a14757eab834a3001ff09841579fc80f9338cb
figures/rendered/Fig4.png,592343,2fa748d5caf55c7b9725e87f72a28b7b18dffcac57e31ae65df07f9bce9b3bc6
figures/rendered/Fig4.svg,216819,29f7141ba344a543b50e6ed8950adcda8084cb8d9dca30851d98aa2af42b0307
figures/rendered/Fig5.pdf,61630,ba85052117f0cc3da64400f2e96e5c9cad05a12576537782b83fd9c10007a097
figures/rendered/Fig5.png,471057,6edacf502def1ecba7fc7a14b9859a6d0f6bec5766059e215d49814130a89885
figures/rendered/Fig5.svg,67601,05688dae92a5fa992b71f8ffc8736debc73dc8b98f401a7e0c162e6a4e162ace
figures/rendered/Fig6.pdf,78740,7293c2399eb9ad66c1803a3d215b1dcaa404b998b260416d2cdd0ba6c92bc95c
figures/rendered/Fig6.png,898704,1a84685cc69fa1ee1c5286ac5e00c8cd0a037a402c8eedbef89616dc3674836f
figures/rendered/Fig6.svg,310366,fe124f257b51d0350a426d0d183d65a19158fc38c54676fbf85e7ab7915abd77
figures/source_data/fig1_source.json,2624,c74ef289d9ae743f27c9c28d93810299bba97d7dc1a6648fd20e56d274ca62d0
figures/source_data/fig2_source.csv,10216,380ef2f6688462598dcf4a1d010fd73d0fb0f407777a1d0a4e66f6b765a89ddb
figures/source_data/fig2_source.json,1915,7c544c12c243863832378c9431cbf34658a6b4998164720e65014a533a04ae96
figures/source_data/fig3_source.csv,15654,47930e3d9c63845d82814548f59f37d74602a011f5dd15fe486f3ad180b301da
figures/source_data/fig3_source.json,13740,cc6dc2f39850ef8efacec625fca2f492f643676cddc2833a23574b9432e3deed
figures/source_data/fig4_source.csv,466669,1a359e2b9a9802b24d320b42456a634c03166cce9eb8c71708ca6234d10053d7
figures/source_data/fig4_source.json,18945,a4f52955763e533cb207160beec1392397c3a3e2d52a8aa6ec39ded48396ded1
figures/source_data/fig5_source.csv,9981,6a15ed93a17f275f454c8e8fd90add06453702494059229220f5201da932b1bd
figures/source_data/fig5_source.json,2193,74cdff4e0bd2b7ea8b8f037d305cc55eb046d60f6fe11fc9ed7ba96cf1291410
figures/source_data/fig6_observed_crossings.csv,118252,1dc8585a6b6e230586da995ad70630cc8f920d11f77011cd92196bf73b4c2b53
figures/source_data/fig6_source.csv,5623,1364c327dfeba8fcaa3d30122681169f7858f4ee0b7a234abecf949f0155721a
figures/source_data/fig6_source.json,2437,8adc6e06fa224cf1edf3e508bc3b1363b46c3477074efd95d8b1bc30cbb9d406
figures/source_data/figs1_source.csv,8177,c5d4f0b651ce46e97fa7d1bb728d7c203cb5b27a02aad3b6fb2d243e94bb4a94
figures/source_data/figs1_source.json,3455,04ee168e33a4c3834fcc052fa2a76985eeed1886c0abfe063f61a5806ae9699c
figures/src/figure_style.py,4439,71e32e1d2c0119530f73abe5dacb858d6b2443be177aa10beeb94dcb04fdc196
figures/src/figure_style_contract.json,1550,36981cac4a8edaf70e818d8df6641cecb068cebc47eee399c4342eedbde04cbb
figures/src/plot_fig2_lowfi.py,13079,2c052cc02bd05883f97e22cbf5bc9d7ed58e18ecb5f689ebe31a7005ed028360
figures/src/plot_fig3.py,42963,812b30e9e7d6243da8dd7982539415af34b0f622373e85c955eb140216962535
figures/src/plot_fig4.py,36602,62c91834f2b1aa2b4c6d4aa62bee0842cb83a80ef968f79ca8f9dad4dd1bba4d
figures/src/plot_fig5.py,14794,1644cf0f9e7bbd2d769289410a37b78d2502a430bd1a747464f18828a9888c75
figures/src/plot_fig6.py,13389,dc751bb812c9d55423157cc98e09f40b1ab1f9ebd68acf3e7e9e05cbbf8088a5
instrument_frozen/configs/aitod_v2_local_g.yaml,196,23fb59a4541db5f64a6c43e666b168872a5be48487ca7ce0c72033adeaf6413e
instrument_frozen/CONFIRMATORY_AUDIT_PLAN.json,5120,c76e115f2d03a2ff4a9cbf05ec680b1179f5ecbd9134f815cc63cc6cea4d0474
instrument_frozen/CONFIRMATORY_AUDIT_PLAN.json.sha256,95,689d357ed1a2be322e4173028455d43167e65778babb0a34d7469fd5e46c72d8
instrument_frozen/CONFIRMATORY_AUDIT_PLAN.md,630,7492efed63bde6f45cb07689d801e389a3b4325b811984239d8c65866b0def66
instrument_frozen/evidence_ledger/CURRENT_EVIDENCE_LEDGER.json,66117,4e3bd0df3b1f4b457544a6955b350ce50666cd06fede36d53a5d76cc70cf118b
instrument_frozen/evidence_ledger/CURRENT_EVIDENCE_LEDGER.md,3602,22f386d4b19a0d22b384b493a3f898a8720a5bc6ad3e82eacf9f903a8ea5b8b7
instrument_frozen/evidence_ledger/SCHEMA.md,1061,7f9364a5799888394d73ea1327bb7db4841a2bf1b77a43ab8cdaf2cc9c2043f5
instrument_frozen/frozen_inputs/discovery_selected_images_exclusion.csv,20483,f0101d64030ac54b1eeaf17f18e17be3c57810f30743ea24c35e765452a3c6db
instrument_frozen/frozen_inputs/eligible_population_roster.json,642678,d7426446ad09fd8c0e1ee041b5061a7fcb23f51d4af6c8a3b4ca14d4ec39d14f
instrument_frozen/frozen_inputs/eligible_population_roster_contract.json,232,293902c6f1a382f222771dc8545ff92c41762d0744c12933ad30b448c180a3fa
instrument_frozen/governance/NEXT_ACTION.md,2796,b72646df3ad73ddc5899d202a7677d69664db02a75597422b96e822a33d56813
instrument_frozen/governance/PROJECT_STATE.json,7270,c88d06eef83cd56c776aa75ba73cff3ee57b03b2f6eeca031be818613ef03adf
instrument_frozen/governance/RUN_REGISTRY.csv,16967,ad2a24a31181c7a06c7aa103b51dd3856371364e3694c247f4a641ee04be8600
instrument_frozen/protocols/BOUNDARY_DISCOVERY_CONTRACT.json,4978,f1a215794e959fbbb32776d8432ec2ada899e31d9228abe281287663e4b571ce
instrument_frozen/protocols/BOUNDARY_DISCOVERY_CONTRACT.md,1879,30312a3bd04ec3a1419d02be6e24748735358180948a87a14c909245c949a191
instrument_frozen/protocols/LOCKBOX_COMMAND_RUNBOOK_TEMPLATE.md,6743,f230be3b940643d721f9a66f1921f2e4db6bce3bc634c628970b7f351bf78a63
instrument_frozen/protocols/LOCKBOX_EXECUTION_CHECKLIST.md,3128,4be69706b4ab232ca964efb5c9a3d42b7117684ec3c9d9af67a31a95f55a9b29
instrument_frozen/protocols/LOCKBOX_SEALED_EXTRACTION_SPEC.md,2483,08e9c00d0e528ef0e18341ee1f9fae499bd2c6ceccb64f49dcf627a325d4982b
instrument_frozen/protocols/NUMERICAL_REPEATABILITY_CONTRACT.md,2534,a79f0e71f1ade1edfdfeb27d45ac832d3556a7644532a0ac9a820fe998092ea3
instrument_frozen/protocols/SPILLOVER_GATED_PILOT_SPEC.md,1729,49ed4a2a906fd8b4a38a6f4a82edcfd79197add7dd66e08e061ac7f477290cea
instrument_frozen/README.md,301,31bb3bb2a2b23230aaefbb51b2b9148bacd0375ead67cfa74412fee389ea8c20
instrument_frozen/scripts/analyze_assignment_boundary_geometry.py,33960,87ba3955c3ea50bdf660d0d8472b2728f53382b294ffb5da46c4346e778882b8
instrument_frozen/scripts/analyze_assignment_boundary_radius.py,32800,c0fa096e3ba36cdcafcaf23b36157141fd8d9d0f2f740c2afa543871fdf9db60
instrument_frozen/scripts/analyze_assignment_spillover.py,39682,ef157da9cf6e97312242070cca896a94ae512c346c2228d08e66c682989fc936
instrument_frozen/scripts/analyze_audit_sample_efficiency.py,8939,2514a0ee5fb284088c47cbef58ef850cfd1d05b5fe7fb0eaa684bcb6f066a53d
instrument_frozen/scripts/analyze_confirmatory_lockbox.py,48035,a31261314ae212c4154f35412e71de8e85e1b6405dbfbfa0505bbf818127fb01
instrument_frozen/scripts/analyze_eligibility_stable_and_pathway_contrasts.py,10068,a113abe0ccda2d3ab0df78b4381e6c1a40e89893875c9c81e97b4adf0519bca9
instrument_frozen/scripts/analyze_lockbox_precision_design.py,15830,2756688b3da2b7c29aebd84f88f749cd0d45f02d70c74fba4e4f146161e96cc2
instrument_frozen/scripts/analyze_margin_shape_sensitivity.py,23881,e71bf06eecc76e239e5b570c6f26c359d4d16e986e584fb48bed9b1d0b70cfb7
instrument_frozen/scripts/analyze_native_alignment_path_anatomy.py,22429,759003f4db31809e1d503dd10b9ae033b99064fc52cd4c434f0fc5c19a8906b7
instrument_frozen/scripts/analyze_o2m_rank_set_decoupling.py,20548,6a2888117f36afeb13bc0f04ed192c4e5970457dadb314d2ae41d29eebf96b27
instrument_frozen/scripts/analyze_o2o_preresolution_control.py,27873,f411ad13033b69dcb8abeeeee6970487b41c7d2e6c31074af7209b16e2dbc796
instrument_frozen/scripts/bootstrap_native_path_anatomy.py,4342,7b3ae55b55511fd847f2c732123dd008ed0995dbc397e4cf78caca59788521fd
instrument_frozen/scripts/create_instrument_freeze_bundle.py,50753,6e22b866e953e83d37a961b92a7acb2abbf54075a3ab3a319087268b32dc6d98
instrument_frozen/scripts/create_run_output_inventory.py,6529,cac201818ff0454d1e1363f857519af2fc444694153c4e7023bfef2541b50b0d
instrument_frozen/scripts/margin_o2o_replay.py,6426,b38679eb0439c99f5efef46448841d1cc5c0eb3bb9eee4467393ca14536f5c9f
instrument_frozen/scripts/prepare_disjoint_audit_lockbox.py,25947,45ffdcc42570b6d0da6929f15eed8034f2eeb99eb27b084d7529b3ca41bf1170
instrument_frozen/scripts/reference_o2o_assigner_numpy.py,6962,35f0071c8c9b7771d2c0765ec0f051eb495a653feae64a58a17fd2aa4c4b4a63
instrument_frozen/scripts/run_eligibility_lock_counterfactual.py,15470,cfcb4bc8bc88670013acaaf113371608b028d906170071daf216169916141c5d
instrument_frozen/scripts/run_reviewer_killer_controls.py,32059,a3a472f04d2a2f9ffe232e68ccc30c21c18f433acaea63970916d1ca570c7dfc
instrument_frozen/scripts/validate_audit_instrument_mutations.py,5013,41b0d8bb45756f3297f343a3eb013a18a8bb8e5f0a620c5c16a1265b01267cf3
instrument_frozen/scripts/validate_audit_instrument_oracles.py,12607,9858b62ce369a109701a725cda507ba204f1fde042092eba1e884cd2e4eb687a
instrument_frozen/scripts/validate_boundary_radius_reference_subset.py,32360,6677982953b75685725c73d2548b15e299d4494a5cc5805670209b34afd5b19a
instrument_frozen/scripts/validate_current_evidence_ledger.py,7111,228da9111a07f217bf42ba7f4230b3e40d61b32722455750a90867243b3f8e46
instrument_frozen/scripts/validate_frozen_extraction_contract.py,7075,ba8af89795efd44717d3359e5421fc35dbf2d91cb4db5c0f94698540ab5fdc52
instrument_frozen/scripts/validate_native_production_reference_parity.py,14014,cf06325e103ebc5e5d2ec9359cd6cb1271510c2ddb4e56931de7c99a655217b3
instrument_frozen/scripts/validate_sealed_lockbox_bundle.py,37950,37a0fdd164aaeb87ca83e035906e2198169c965c83de0ce8d0782eb2f1d6a4e2
instrument_frozen/SOURCE_INVENTORY.json,74203,114ca9fdc447e7e86e6277ad6c5fcc2ee1225ed55c09873f43fece940785942b
instrument_frozen/TOOL_FREEZE_MANIFEST.json,77965,a7f441cea8b1b2dfbb6d75756f94e9ff3ae49efe6fc8a5cd79cae06984a13a81
instrument_frozen/TOOL_FREEZE_MANIFEST.json.sha256,92,e17182b2971202ffd31ddaca7255f2d9f27e08cb39fed72dabcfd66611960579
instrument_frozen/ultralytics_local/ultralytics/__init__.py,1301,e78b16faa1225b1013bb7c24b8b484f8bfcce94e8586d7e610aab74165a59a8f
instrument_frozen/ultralytics_local/ultralytics/cfg/__init__.py,41262,8f159373cd223db33d33f8cb0d3dd9b5da4c96bf597725e4dea15850afb9970b
instrument_frozen/ultralytics_local/ultralytics/cfg/datasets/african-wildlife.yaml,915,e947cefe09f02440d5ab4e69ef620c25f91320a6655ca34b49e2abbbe2724eb4
instrument_frozen/ultralytics_local/ultralytics/cfg/datasets/Argoverse.yaml,3364,406a5d8771e3e5d16bbdbb1a13ff2b0158fd04ee17a4a4c1eee8576934e713ea
instrument_frozen/ultralytics_local/ultralytics/cfg/datasets/brain-tumor.yaml,800,aabc4f3bfb7dc316e7da41c5c0fdef193cd25a3d842d32de954c182f7fdbea77
instrument_frozen/ultralytics_local/ultralytics/cfg/datasets/carparts-seg.yaml,1253,0387bd84cd6e9d36368e36485c688a49aac5e91f8077d47df6de7b3a0449dfbc
instrument_frozen/ultralytics_local/ultralytics/cfg/datasets/coco-pose.yaml,1928,ae5d4f7279fc1e6b2df886a7d3e1ef3fa590d8f299c6bd408c1100e34eafc16c
instrument_frozen/ultralytics_local/ultralytics/cfg/datasets/coco.yaml,2584,c2850c93a2f71b70cc4037138482a8b9931c8d3239bcff5751d115af36062f9d
instrument_frozen/ultralytics_local/ultralytics/cfg/datasets/coco12-formats.yaml,1953,65dfb8d695f83c451521e872138f36f502bf7d4c62c99efd2554121fed542553
instrument_frozen/ultralytics_local/ultralytics/cfg/datasets/coco128-seg.yaml,1986,26c5eed7deef257d5846e16f6c48ec5f2bf82d4588113fabb9667d2aa5fa8589
instrument_frozen/ultralytics_local/ultralytics/cfg/datasets/coco128.yaml,1965,a24fddcda054cd27740d67dee77d464ffb984c4a05e66210720a0c1d9c885480
instrument_frozen/ultralytics_local/ultralytics/cfg/datasets/coco8-grayscale.yaml,1961,f2fe86ea63b364740d750335630753056fe5b165a42d19c08a6c190472ad260f
instrument_frozen/ultralytics_local/ultralytics/cfg/datasets/coco8-multispectral.yaml,2063,9e55385b477cae5d5c54286d84e9343489a15430a6d2fa18dc5ad9b360f4958d
instrument_frozen/ultralytics_local/ultralytics/cfg/datasets/coco8-pose.yaml,1336,ddc6ddf09ab39295b5338da3b5076187ae8d8778ed24d8b2faeddb3204b22d4a
instrument_frozen/ultralytics_local/ultralytics/cfg/datasets/coco8-seg.yaml,1913,133e36644eb11e58fc95c8ed3012493f6638eb4ab606e8b045f934f745e70601
instrument_frozen/ultralytics_local/ultralytics/cfg/datasets/coco8.yaml,1888,b73ac3635296f36007b20a42c6d7bfc8f920308229358e8f6f8178e930cfc649
instrument_frozen/ultralytics_local/ultralytics/cfg/datasets/construction-ppe.yaml,1008,a5253dc9a017577ebd118409ca636d1506d2fd71f8577ebd80f28a8c3adbe21a
instrument_frozen/ultralytics_local/ultralytics/cfg/datasets/crack-seg.yaml,837,7eabd222ad5f4573b9e55fe0d93f7685c6005682811d9b1265047b0a89283d42
instrument_frozen/ultralytics_local/ultralytics/cfg/datasets/dog-pose.yaml,1408,048fb64b7fdc495c95d867f36ecff71b3be2bd1962913d00363944250e90529e
instrument_frozen/ultralytics_local/ultralytics/cfg/datasets/dota128.yaml,1080,87b7a0cae41a7f84b5f928c5415a1043bad06cb7742f10e829964adc1e355544
instrument_frozen/ultralytics_local/ultralytics/cfg/datasets/dota8-multispectral.yaml,1217,8d28f6dbe4b7ab159c5b8455bd921d9c5ad4b78b8ce740f43e0969cc80b8e518
instrument_frozen/ultralytics_local/ultralytics/cfg/datasets/dota8.yaml,1059,7a64bea2b7af0d97792f82af6cc7a334f094a85743fe233e4dec2a43d1fec29d
instrument_frozen/ultralytics_local/ultralytics/cfg/datasets/DOTAv1.5.yaml,1212,284ed50be64c0d27a2d692cf9bea5d93f64031153f80bc0682d21035bc29e9d0
instrument_frozen/ultralytics_local/ultralytics/cfg/datasets/DOTAv1.yaml,1182,0d498111fbdd942447dadf5aaa1737ba4e79b0e5d65ac63dbfa45561a10b7930
instrument_frozen/ultralytics_local/ultralytics/cfg/datasets/GlobalWheat2020.yaml,2144,767aff968798484e84a3f7fb575cae6c82ec31104c466d68cf20b9afbb93fa26
instrument_frozen/ultralytics_local/ultralytics/cfg/datasets/hand-keypoints.yaml,1363,e663f065c59e13097132b646ebc4af2c59ee328ea44bbca9e0801ec80f39e1f9
instrument_frozen/ultralytics_local/ultralytics/cfg/datasets/HomeObjects-3K.yaml,934,c44b52a8469dfabb5f1ae22b1118e385d21282098f96f697fb7d796732b3e742
instrument_frozen/ultralytics_local/ultralytics/cfg/datasets/ImageNet.yaml,42529,37d34784882794d201a9965bcd06405b76829f3e91497400067a29683b390661
instrument_frozen/ultralytics_local/ultralytics/cfg/datasets/kitti.yaml,895,a69e287727daad3f194a3bc167caa3bf945f8c7e15ddb2f881a0627a302a67e9
instrument_frozen/ultralytics_local/ultralytics/cfg/datasets/lvis.yaml,29596,45eb1c770009f04535a3b4a6d1897162c19b405354d69f8b15b14a604b793211
instrument_frozen/ultralytics_local/ultralytics/cfg/datasets/medical-pills.yaml,792,44aee2405a430e4512e84b041aa95b163a28862ddc812b1421bb24ed422dc9db
instrument_frozen/ultralytics_local/ultralytics/cfg/datasets/Objects365.yaml,9649,f0197e3409b49a5316f047ccb33dfd259a3e1c2be6a747a325768c7a81d3a6ac
instrument_frozen/ultralytics_local/ultralytics/cfg/datasets/open-images-v7.yaml,12116,d9f54599bf141181fe2e45f4cf91a5629fff534fc60ea56056ace69df15eae6f
instrument_frozen/ultralytics_local/ultralytics/cfg/datasets/package-seg.yaml,849,578bb24c3596ce07eddb8cbd1c95ae10b2ae6790277401d76da9f1308e93f065
instrument_frozen/ultralytics_local/ultralytics/cfg/datasets/signature.yaml,774,801bd4dfbd79815c5501a7c8ff2698733197de47c47c0e01b6d6e232480e5cd9
instrument_frozen/ultralytics_local/ultralytics/cfg/datasets/SKU-110K.yaml,2609,c6f464ab749d0cec0103dd54f396e59fb1d35e4a1de4cbc55faa6dd4fc538c91
instrument_frozen/ultralytics_local/ultralytics/cfg/datasets/tiger-pose.yaml,1196,6c9ee70530d0c17447b65837c66a380b66cea4f9ffaf897cf837b349631835c5
instrument_frozen/ultralytics_local/ultralytics/cfg/datasets/TT100K.yaml,6918,aab27a9eb65dbeb332e68bfd15a1e7fa9148f21267fd62d8681eb4be1b423b1b
instrument_frozen/ultralytics_local/ultralytics/cfg/datasets/VisDrone.yaml,3397,3dfb9da235b96afff9abe742f55b06ff186fbaff5c4c6129469e25a17089e0d8
instrument_frozen/ultralytics_local/ultralytics/cfg/datasets/VOC.yaml,3803,5e969e8111e3a7bc599de9ceb80f73820da54144522fea3b98b430cc828abaa3
instrument_frozen/ultralytics_local/ultralytics/cfg/datasets/xView.yaml,5406,44d7f9a791c946ef34a1f52e33a807072c82649d7e290ac53faf397dae7da3d0
instrument_frozen/ultralytics_local/ultralytics/cfg/default.yaml,9416,6f090aaffbf095c7ad3983c2af4f1452ae402a57b59a54dd93dc5b39fa7bf049
instrument_frozen/ultralytics_local/ultralytics/cfg/models/11/yolo11-cls-resnet18.yaml,524,d58729f6a32bc296fcaeaedcaa1b7743ed6030dd11f3b537e679b68ff8ac76ba
instrument_frozen/ultralytics_local/ultralytics/cfg/models/11/yolo11-cls.yaml,1412,d7b97919d37e56cb782ef69fb0adbeaba2e2f555fd52551c4f90a50ad8a4c1e1
instrument_frozen/ultralytics_local/ultralytics/cfg/models/11/yolo11-obb.yaml,2031,147a3bc56ae129d3760419f6c5d674f7d4f635ca9c5098aec90d1aeb376faea6
instrument_frozen/ultralytics_local/ultralytics/cfg/models/11/yolo11-pose.yaml,2131,756393f55051c43f21fa39900b4a9610ebc5bf2c750946b4b5e92dd6439dbe69
instrument_frozen/ultralytics_local/ultralytics/cfg/models/11/yolo11-seg.yaml,2046,c724d65611684accc5d4b84d108ce7216f1018a535cf410022f929e0ec18b65b
instrument_frozen/ultralytics_local/ultralytics/cfg/models/11/yolo11.yaml,2012,43d8a7c86acc77282ddf4966d6526e091e5b064c140ed4a6e4c0b68ecbc3784c
instrument_frozen/ultralytics_local/ultralytics/cfg/models/11/yoloe-11-seg.yaml,2002,e894291de1ab11349f69cfc4831e683043ba15310b3f1bb0a4995d75e315f011
instrument_frozen/ultralytics_local/ultralytics/cfg/models/11/yoloe-11.yaml,1994,607e9c7cbaec1f8acf01ed4527e92ded1e60ad51dcba94fd4c2464ac78bde414
instrument_frozen/ultralytics_local/ultralytics/cfg/models/12/yolo12-cls.yaml,1407,c8906e0ce5d160b6be2d08a91a42c14fdeee8ca4b25f1ef9e73b6ceb5d895567
instrument_frozen/ultralytics_local/ultralytics/cfg/models/12/yolo12-obb.yaml,1972,d9c3c9295ee4535b616319e736c0893df58da13934976f590f6d94e174d7df04
instrument_frozen/ultralytics_local/ultralytics/cfg/models/12/yolo12-pose.yaml,2072,781a3ef5bde8feabf7fa37ed802697d0579d78958e7ca1c32c93cf7c2330bbb3
instrument_frozen/ultralytics_local/ultralytics/cfg/models/12/yolo12-seg.yaml,1985,d094ea4a3ca13932cd4c8ac81403aebba17bc90a8c92ad6ca2c70091266db33f
instrument_frozen/ultralytics_local/ultralytics/cfg/models/12/yolo12.yaml,1953,65e03c2eeca62573cd8d9e719319191e4724b4368a0f35016f629cde008b0b5c
instrument_frozen/ultralytics_local/ultralytics/cfg/models/26/yolo26-cls.yaml,1432,1a668bbe707ad97eabf7f999c29c746f62d3458217cd562a4aa47731ccb7dfa8
instrument_frozen/ultralytics_local/ultralytics/cfg/models/26/yolo26-obb.yaml,2146,03d360e6764ea30ef8b5891e8f1a15c86076c33b488bf72e36ac58aea0794f7f
instrument_frozen/ultralytics_local/ultralytics/cfg/models/26/yolo26-p2.yaml,2405,0dbc2fa3dfede5edcda2566ab8c7ea150ad066ea29d79e68d6c4da2bab476279
instrument_frozen/ultralytics_local/ultralytics/cfg/models/26/yolo26-p6.yaml,2457,60559a1fa340387a0b6261f84dedde75c8f9f9ced027e825ceb8bec4f164e14d
instrument_frozen/ultralytics_local/ultralytics/cfg/models/26/yolo26-pose.yaml,2245,07ba82d9637023f261e526c38fa9aeb8ab05d911766ffd8cf4f48cd33f27188d
instrument_frozen/ultralytics_local/ultralytics/cfg/models/26/yolo26-seg.yaml,2156,53c0348a36a3e19bbc3bd4f695f50cbbfc97a3059f62e9b251f278ad74fdd7cb
instrument_frozen/ultralytics_local/ultralytics/cfg/models/26/yolo26.yaml,2120,b1d1fa0c69eced64f9939536038bd8d697c32e72200b34187a767de431af7ef0
instrument_frozen/ultralytics_local/ultralytics/cfg/models/26/yoloe-26-seg.yaml,2223,425c8addac232ce8ecf6ad2b6a3d307b94021b5b43cbe36f436b90cca0e80589
instrument_frozen/ultralytics_local/ultralytics/cfg/models/26/yoloe-26.yaml,2191,616b014b80f77fb421a8b433613f8b55d08e212a3455a4c82c868b2a6ba30dda
instrument_frozen/ultralytics_local/ultralytics/cfg/models/rt-detr/rtdetr-l.yaml,2043,85716f626769cb5ddf00d59fcf6cafb5814aad196328100bdc7c93306f650e83
instrument_frozen/ultralytics_local/ultralytics/cfg/models/rt-detr/rtdetr-resnet101.yaml,1696,e6f08f7e2872cd730a091ee46182034876d21ef03362559b399e56a7d9bce0cb
instrument_frozen/ultralytics_local/ultralytics/cfg/models/rt-detr/rtdetr-resnet50.yaml,1692,5e6f94fe6fbfa2476ca625bbab16f99a037f34f64fbf28d7ad2d40d4a728685a
instrument_frozen/ultralytics_local/ultralytics/cfg/models/rt-detr/rtdetr-x.yaml,2250,4076b70793f077d4c0f41dd6e65130ad497efdb02fc065d5a9296f9cb49b28db
instrument_frozen/ultralytics_local/ultralytics/cfg/models/v10/yolov10b.yaml,1488,5bd2be96a81410a382a55d007bb764f220541694934c5cc33c32f70079cc29fb
instrument_frozen/ultralytics_local/ultralytics/cfg/models/v10/yolov10l.yaml,1488,62d74bef88afc56c58da352c6249145ff5ab696b0b26d70e2a144d8a80b0bc98
instrument_frozen/ultralytics_local/ultralytics/cfg/models/v10/yolov10m.yaml,1479,610bb19f82a3886ab1c0afb706e452a6bb7ce9a5b17319f656780894740ac72e
instrument_frozen/ultralytics_local/ultralytics/cfg/models/v10/yolov10n.yaml,1474,88bf53e1752b4e77f4d358ba7bda85f70101094a2b6a5fdf1796e3205c4974c5
instrument_frozen/ultralytics_local/ultralytics/cfg/models/v10/yolov10s.yaml,1483,746ff3d1f4b0788cc28bb2a6f4e63e43d233b443a35faef016c74fe046a6feda
instrument_frozen/ultralytics_local/ultralytics/cfg/models/v10/yolov10x.yaml,1491,205218479a78e8e102b072b7cb3e543b908cc51d4934359e5cacd4410bf133f3
instrument_frozen/ultralytics_local/ultralytics/cfg/models/v3/yolov3-spp.yaml,1625,86c33eca1756bfef17956b9a48e56a14970751567e1668c7e108e403d0872595
instrument_frozen/ultralytics_local/ultralytics/cfg/models/v3/yolov3-tiny.yaml,1330,498ad28349b503a12b51aa5dac90c8e44f9e74b687d2817e3516f9e7c0d98264
instrument_frozen/ultralytics_local/ultralytics/cfg/models/v3/yolov3.yaml,1612,16fb78fcf4f02c1a51c37478bf8550fb53c88a88e9a05643d6eb93672494612c
instrument_frozen/ultralytics_local/ultralytics/cfg/models/v5/yolov5-p6.yaml,1994,54a116ca492cca44a5cefbb2ee27f8c85a3d5a56e50b785da9c37127d6f01de9
instrument_frozen/ultralytics_local/ultralytics/cfg/models/v5/yolov5.yaml,1626,403f1d45ee5ee72b39db05cf2af3499fadb61ffde25f48cfcc4ff6fbed9d671d
instrument_frozen/ultralytics_local/ultralytics/cfg/models/v6/yolov6.yaml,1813,b65d388877b875583fefc8e0ba956e97981ba8e9f984186d2ca7cfdf16317160
instrument_frozen/ultralytics_local/ultralytics/cfg/models/v8/yoloe-v8-seg.yaml,2008,43cee24a2a5c9c618f33f80d1dd548ccf43abef6a690185118ed5166f525492f
instrument_frozen/ultralytics_local/ultralytics/cfg/models/v8/yoloe-v8.yaml,1959,a0647d89e68075f5dbe7ece2c98481d03fd7c3208672c53a493fb33b4093af31
instrument_frozen/ultralytics_local/ultralytics/cfg/models/v8/yolov8-cls-resnet101.yaml,1014,4c0880919c14724ce359d63aca7fee946cccfa59c7698ed8c7dbfcac8fb65a80
instrument_frozen/ultralytics_local/ultralytics/cfg/models/v8/yolov8-cls-resnet50.yaml,1010,81b22db4d32f8f4d9193778a8eae39aa08dd99d0a8e67fe657d479c6deb939d5
instrument_frozen/ultralytics_local/ultralytics/cfg/models/v8/yolov8-cls.yaml,1019,1b9d269f0f82d125ab669665e70ce8bf576e81d8d930ceb34f7d2de5c42b7094
instrument_frozen/ultralytics_local/ultralytics/cfg/models/v8/yolov8-ghost-p2.yaml,2505,e4c5fc0f7ffc9648fd68a570a40202d4f64068ca1316cfd6abe5d9513567f4f5
instrument_frozen/ultralytics_local/ultralytics/cfg/models/v8/yolov8-ghost-p6.yaml,2575,73b6189c43f1dafaf01e36e0af8a3f43d7ff348d97d5dc7632b2e8f7178ebd77
instrument_frozen/ultralytics_local/ultralytics/cfg/models/v8/yolov8-ghost.yaml,2198,9f1cc896f9ed15a8c76eee0337cba3131eb93d11209fba340dde9c1e9f291d23
instrument_frozen/ultralytics_local/ultralytics/cfg/models/v8/yolov8-obb.yaml,2016,3b0967731e6978a053368df18646d5c73ff5aa5cd5251e19db335ea11fcd0f18
instrument_frozen/ultralytics_local/ultralytics/cfg/models/v8/yolov8-p2.yaml,1831,ba54363e9f283e8f60b0fa0843eb37115093338d6f9273ccd4f74f60639754f4
instrument_frozen/ultralytics_local/ultralytics/cfg/models/v8/yolov8-p6.yaml,2363,4ea22c6bc80d116d382a674bc710bdaea85decf087954aa4ce8883c673138a8d
instrument_frozen/ultralytics_local/ultralytics/cfg/models/v8/yolov8-pose-p6.yaml,2047,b5f81f62b6d5bb96e25825a6753651afb6510bece5033c9cb11c9a25b0ed2358
instrument_frozen/ultralytics_local/ultralytics/cfg/models/v8/yolov8-pose.yaml,1676,2ddcdb8885649d940c2d8076c33087aae97736295f2a9e27c7949d68642c17ab
instrument_frozen/ultralytics_local/ultralytics/cfg/models/v8/yolov8-rtdetr.yaml,2055,e5cba91ca3c70f8ddcbaf7771f7cef3628e2aa95bdf9b14b2a0f8a31e47338f1
instrument_frozen/ultralytics_local/ultralytics/cfg/models/v8/yolov8-seg-p6.yaml,1958,ec594d958fac07c6c2715b72d877ff9d80fc7f1669b2a693806c537da73c0d12
instrument_frozen/ultralytics_local/ultralytics/cfg/models/v8/yolov8-seg.yaml,1587,8457a23855704d5e33bf4f08ae64c8bb325c519998918ed2222da8577db67ba5
instrument_frozen/ultralytics_local/ultralytics/cfg/models/v8/yolov8-world.yaml,2174,da1350a326c84cee4504d9ca2b3d393e4f7281e01fe2a5bb5ef90c11f05df740
instrument_frozen/ultralytics_local/ultralytics/cfg/models/v8/yolov8-worldv2.yaml,2124,524751864ee96ae2c866da3b41d3ab5a95bc31bfb727ad51751bb14b99590b6e
instrument_frozen/ultralytics_local/ultralytics/cfg/models/v8/yolov8.yaml,1977,405a3c302eb6096103a99af4d82c1d2d8b2bbff469a228c55aac944b2c19672a
instrument_frozen/ultralytics_local/ultralytics/cfg/models/v9/yolov9c-seg.yaml,1447,5011e843f709576ca9eab3331d7469e3ab8101498a22b6e07778e21013d1bea2
instrument_frozen/ultralytics_local/ultralytics/cfg/models/v9/yolov9c.yaml,1426,c7592eb3fda641d53d5776468345dd139593514de3f1fc067b53aedf1d9a5f92
instrument_frozen/ultralytics_local/ultralytics/cfg/models/v9/yolov9e-seg.yaml,2377,595a54e631e0a14b823158abbe69ff49c3a61fd775332555217f17018f3bf3b7
instrument_frozen/ultralytics_local/ultralytics/cfg/models/v9/yolov9e.yaml,2355,3a5af63e5003a640fa3754e257200910cce4ac0ed26cdba5d6739a505f024b7f
instrument_frozen/ultralytics_local/ultralytics/cfg/models/v9/yolov9m.yaml,1411,59c290df146c0b524c800e361f1e31cebe05666b44e81df02afaa1950c64ab0f
instrument_frozen/ultralytics_local/ultralytics/cfg/models/v9/yolov9s.yaml,1392,716910b5835658e7243815e377c5eb27fab9bfa4ff0b9e3118c3f54b7aa7a595
instrument_frozen/ultralytics_local/ultralytics/cfg/models/v9/yolov9t.yaml,1375,43c1a949713b7ee9a1b898908386b64a4b92fd49a75eaa7e7a86715bf0b4bc4a
instrument_frozen/ultralytics_local/ultralytics/cfg/trackers/botsort.yaml,1440,9faa60f695052a817528795178ab7fd1ddd5760e3dbf9a8e1da6a6956ad63708
instrument_frozen/ultralytics_local/ultralytics/cfg/trackers/bytetrack.yaml,908,ecb4b539b3f9bbb05415c99e63a2f69b76d1b8f524b67a49b2914a77f1255567
instrument_frozen/ultralytics_local/ultralytics/data/__init__.py,644,4e847cce5d098411f2e3666f57bcc8c0efc5de56e2e6836519034f2b776575d5
instrument_frozen/ultralytics_local/ultralytics/data/annotator.py,2985,8aed449fe2f3951e11c91de871fb6d86702883fa5e40757d168acf468fd0717f
instrument_frozen/ultralytics_local/ultralytics/data/augment.py,129763,deb148cfa1256663a4331671695bd95f0ce88fbb69848b71dc7708f72de955e5
instrument_frozen/ultralytics_local/ultralytics/data/base.py,20016,c4eac2eef00a32531e10b5cc5e6f158d3800f1b6e775f94b2d65104f2a64098b
instrument_frozen/ultralytics_local/ultralytics/data/build.py,17225,dade920b69323a5e6ac49b5245e6914357b28ec31653c33c3fbe69ef6e2818f4
instrument_frozen/ultralytics_local/ultralytics/data/converter.py,41198,be507046fa8908d175f44f93ccb4c51afef0c9365ebda59115656ef094e47bc4
instrument_frozen/ultralytics_local/ultralytics/data/dataset.py,36787,b495b811257f8a27c9b7291ae12e5411bc2d02ef9ce51f63b2ab054891622ac8
instrument_frozen/ultralytics_local/ultralytics/data/loaders.py,31321,06dae5720cbbae5b8c1f38d736325a70ec5492941e5a5ff0bde6943eaf0f7456
instrument_frozen/ultralytics_local/ultralytics/data/split.py,5122,0ecf04b6373d94ba5f366637982871be0ff0bae59ddf9d102dfda6407bbbfa48
instrument_frozen/ultralytics_local/ultralytics/data/split_dota.py,12873,76acf70c0a4bf1e02430229e0fc504c91d9457cae35db0aa43352baddef4d859
instrument_frozen/ultralytics_local/ultralytics/data/utils.py,37641,79e8b4ce319cd54d7feb720aaab74064f5484f238121f21236dd1e25fa1a9e35
instrument_frozen/ultralytics_local/ultralytics/engine/__init__.py,70,966e8c72415808f4dba88a17ef0d2cfdd6b176335e05e296e835e9a6fd7e4143
instrument_frozen/ultralytics_local/ultralytics/engine/exporter.py,55872,8176fcc0654a033b87357f7a31bf2a7043ab7ac0ea541985b638e3d1b399abda
instrument_frozen/ultralytics_local/ultralytics/engine/model.py,54538,bac1ebc6015b199626de99544882d67af6a8b42b3763e9f2097ddf7842c8c732
instrument_frozen/ultralytics_local/ultralytics/engine/predictor.py,23372,64a567cccc9e7dee2b93566a2c63087f4976cf146f1c3141ace4b9a8b36203b8
instrument_frozen/ultralytics_local/ultralytics/engine/results.py,68704,f6b722edf9e7d2b3723241e5212bddb5b5408d93679331941aed67707687e578
instrument_frozen/ultralytics_local/ultralytics/engine/trainer.py,51280,9b4147593efb0f0d8543347949e6c950018f75c7025d96a16491067dc7106b9d
instrument_frozen/ultralytics_local/ultralytics/engine/tuner.py,28187,25f548cc3120f091a7401d63e4a2127e881da23dc19f5afc6305572168de4b0c
instrument_frozen/ultralytics_local/ultralytics/engine/validator.py,18472,fc46617a07e719c8ac42baecb8a29bc14207f5424f2ff10276136616a18d0867
instrument_frozen/ultralytics_local/ultralytics/hub/__init__.py,6709,6742bf134d23cd087dd1bd7cab72030a1c15993bf2218a7a0b4d2c095fa7d85f
instrument_frozen/ultralytics_local/ultralytics/hub/auth.py,6290,3f7f568f343937429b05c3105d35672ed9dbc23811765b1148d2d23f3e54c99e
instrument_frozen/ultralytics_local/ultralytics/hub/google/__init__.py,8445,af4e8b7784ee64404eaa0e226a0a5e37e78c024838dd3d8e4f1387e3fec87e43
instrument_frozen/ultralytics_local/ultralytics/hub/session.py,18364,224e1a942cc0bad19dfc51b55fd888962e41d8e2275831f8a523d666cf5f2369
instrument_frozen/ultralytics_local/ultralytics/hub/utils.py,6353,8e49e5974eb235a0312b23aa2a58882c9bf55ce537f562563861bf0f2154876d
instrument_frozen/ultralytics_local/ultralytics/models/__init__.py,309,963bacfeed4222e3fdf64f5fbbab02b7321e159f93084dbc359f2479f64714d6
instrument_frozen/ultralytics_local/ultralytics/models/fastsam/__init__.py,231,2aef3d172fd7f2893760f1146a38d46798b83b4f23749323247b7edd9f7d16b9
instrument_frozen/ultralytics_local/ultralytics/models/fastsam/model.py,3426,1cde82007093c0c9b20424255f1e3030153b5ea92f547c946b045ac67d86babf
instrument_frozen/ultralytics_local/ultralytics/models/fastsam/predict.py,8822,2c992efe9dbb05c57845b211fc9805426f1c5374957e904f1cf10fc86de1f248
instrument_frozen/ultralytics_local/ultralytics/models/fastsam/utils.py,879,75ef627a1e29054b93361e474e235d46959985701a49f368dd1d4534cb7618e1
instrument_frozen/ultralytics_local/ultralytics/models/fastsam/val.py,2091,30950ac7f3691447aea92abdca75f514948ae85e51854241f8faa1429d90d183
instrument_frozen/ultralytics_local/ultralytics/models/nas/__init__.py,207,4386506a4f31356b55e584b0fe916ed1a9db0b20f1c4402e30c0df333bbafb4b
instrument_frozen/ultralytics_local/ultralytics/models/nas/model.py,3919,2a4ea4d6c0237df1258d8323f137c99675798bd207865d2489054276dfa64c16
instrument_frozen/ultralytics_local/ultralytics/models/nas/predict.py,2692,e276eea3d9dbbe7bc8dea547d729612c28e8fbba16dfd32e9887ac9bed5e5376
instrument_frozen/ultralytics_local/ultralytics/models/nas/val.py,1543,3084729b72d0343211c6762ce7170e88b90a3a0bf77a76455e1e7f83d3eada10
instrument_frozen/ultralytics_local/ultralytics/models/rtdetr/__init__.py,225,17834442ab5c54a1718fdec387bae49f656edc91b811afe7c6aac107ef4fd6f7
instrument_frozen/ultralytics_local/ultralytics/models/rtdetr/model.py,2269,8c9cd287fe44fffad540eeff2249a77290b88c876ef713622319534c8685255c
instrument_frozen/ultralytics_local/ultralytics/models/rtdetr/predict.py,3969,494e543e8cb12e614267622c49a61beafbb1f1bb2bc3dd0aefd15a8c50dd97cd
instrument_frozen/ultralytics_local/ultralytics/models/rtdetr/train.py,3740,7b13e6b1eb7f0962b76417abddbb44bc32edb6030f5eeb0caf6d56b091776e48
instrument_frozen/ultralytics_local/ultralytics/models/rtdetr/val.py,8938,fa1d913c66ab45b3b93b763c9a46655a4041004c7e5b380a792828fc07715b08
instrument_frozen/ultralytics_local/ultralytics/models/sam/__init__.py,592,8687f3f5c186871116a595d7f322e9e64fcb4149962ff4a177d91fccae14eb3d
instrument_frozen/ultralytics_local/ultralytics/models/sam/amg.py,11786,698bc9ee340c9134775fd295ed21e2dea3f7c8d721420816354bab4d1670c508
instrument_frozen/ultralytics_local/ultralytics/models/sam/build.py,12860,b22d617684c07872b8b4d77c1a1a734d394fbe2b3f6da1839589be1157a590f5
instrument_frozen/ultralytics_local/ultralytics/models/sam/build_sam3.py,12206,74595a6487443fb64f3d60f8a79bd5f18ceb9cd9c5bc47678a079eeb11779055
instrument_frozen/ultralytics_local/ultralytics/models/sam/model.py,7372,bb24af7b99516da2aace9c9e00c59acf3ae0857bc47f61e16adf4dae563c7798
instrument_frozen/ultralytics_local/ultralytics/models/sam/modules/__init__.py,70,966e8c72415808f4dba88a17ef0d2cfdd6b176335e05e296e835e9a6fd7e4143
instrument_frozen/ultralytics_local/ultralytics/models/sam/modules/blocks.py,44465,fc375d198898e3e4b7310dcb16223a9a4c4d4517b6f1fae2c8f1c0ea34b5821d
instrument_frozen/ultralytics_local/ultralytics/models/sam/modules/decoders.py,25045,306502f33b3c145b5269c070ae9e0dbdaeec8189825e950b3d6f939955f3e308
instrument_frozen/ultralytics_local/ultralytics/models/sam/modules/encoders.py,35453,ef608488c3aba3947fa3cd70c62649fc4903a7363c316c224f52ae8e300dd521
instrument_frozen/ultralytics_local/ultralytics/models/sam/modules/memory_attention.py,13287,c7c02316498aeecc78a970c2749ff206cc6d401a9e95d60d04c45ef27b692c7b
instrument_frozen/ultralytics_local/ultralytics/models/sam/modules/sam.py,61669,f750c47942301e1444a09ec1c6bea50f9ceda2719496764e57d7d1ef1f7c868f
instrument_frozen/ultralytics_local/ultralytics/models/sam/modules/tiny_encoder.py,42050,d8b7829381e221809ac7d7eef83044d3ba8f1901704232508463f1ef7c3fb1ce
instrument_frozen/ultralytics_local/ultralytics/models/sam/modules/transformer.py,14884,a86704b797283f259e6978cad67cedf880f91d6d90df4bbab40c52c8e931dd28
instrument_frozen/ultralytics_local/ultralytics/models/sam/modules/utils.py,21371,d5f988c26e685700643fc2f2515342537998474fb489549542841b05df85df60
instrument_frozen/ultralytics_local/ultralytics/models/sam/predict.py,204412,14fe50796e165787d32ab4fb2cc9485944bad1d0af3ab6dc6dd58397b64e0fe6
instrument_frozen/ultralytics_local/ultralytics/models/sam/sam3/__init__.py,144,68ce3e2a29a76202057be7b972d2d3f1eea4f4f6a0beebca15a1da6a00d933b1
instrument_frozen/ultralytics_local/ultralytics/models/sam/sam3/decoder.py,22893,5ce50e03a1324d79a33342f48111a00d98f2e4abd9f084be22d4e540929fc711
instrument_frozen/ultralytics_local/ultralytics/models/sam/sam3/encoder.py,21749,2d79d7ed2b1d95dc85c5f8b77ece48df3c7cf711750cf9bbe685f904e7df75cc
instrument_frozen/ultralytics_local/ultralytics/models/sam/sam3/geometry_encoders.py,17523,f43ec1d9302da40f63336f78374f93a2d1c4d576a386d482b13504650537edca
instrument_frozen/ultralytics_local/ultralytics/models/sam/sam3/maskformer_segmentation.py,10735,8dff6a263ef1c93546a7b399e6e2501741140f8ebc10e9c19b53ec8e24cedae8
instrument_frozen/ultralytics_local/ultralytics/models/sam/sam3/model_misc.py,7926,00723c0d7bd0a728ed831ec50239548c05a3413a24f538f629f3eae47901bbbe
instrument_frozen/ultralytics_local/ultralytics/models/sam/sam3/necks.py,4693,f4c716e5779649f4f2e9eaa1a3eadf6850ec8936560b9fa15f03dd3b8f79fe90
instrument_frozen/ultralytics_local/ultralytics/models/sam/sam3/sam3_image.py,13454,231c272344ccd6846251c3a30263a894394535c5938abb6521e03c429604e861
instrument_frozen/ultralytics_local/ultralytics/models/sam/sam3/text_encoder_ve.py,12283,8aff3ee95037b78c89d4ce3644f8c70e516e1fd3ff9cd4523726a8167dac8ccc
instrument_frozen/ultralytics_local/ultralytics/models/sam/sam3/vitdet.py,22070,a8a16b86e1511045c2ca4bed0af6ffd8124006d6da6f83655e904f7373ab6d62
instrument_frozen/ultralytics_local/ultralytics/models/sam/sam3/vl_combiner.py,6476,1e9169363de95ec58873f693a2ff84a56e63d5f3a3fe6d23e32b979827d6360e
instrument_frozen/ultralytics_local/ultralytics/models/utils/__init__.py,70,966e8c72415808f4dba88a17ef0d2cfdd6b176335e05e296e835e9a6fd7e4143
instrument_frozen/ultralytics_local/ultralytics/models/utils/loss.py,21142,265483a64aab9dd63e56b3fa1a864b838916ddddecba21dafb2121fc513bbfaf
instrument_frozen/ultralytics_local/ultralytics/models/utils/ops.py,15229,7d520895c245adafb06b07c6b330dabbd6a36a69cd0fe742cd71f2797f474dde
instrument_frozen/ultralytics_local/ultralytics/models/yolo/__init__.py,307,603e34ecd0c38b28e8d31fcc47abac25a4e978f28f82c7c15187a1942c3b951b
instrument_frozen/ultralytics_local/ultralytics/models/yolo/classify/__init__.py,383,f7ef8755a34e7c8d4aeeb9ffad1a9c94bf055009e97de06b46a11021a430db13
instrument_frozen/ultralytics_local/ultralytics/models/yolo/classify/predict.py,4202,a5136bc0655d02e0c9766fb4ad26390bb30276398703be6d99393ca61b4f0022
instrument_frozen/ultralytics_local/ultralytics/models/yolo/classify/train.py,10161,d4f78d78cb6091026c6ff7c5341f8b97a84456a9eef2e64924d523a70f265b64
instrument_frozen/ultralytics_local/ultralytics/models/yolo/classify/val.py,10524,3db32d1f0a54b347784ef11234e4c25c26a7da1e1cf8219241ef6b1fa13a7765
instrument_frozen/ultralytics_local/ultralytics/models/yolo/detect/__init__.py,257,18846c2d847e913e09271ee5878659005181663d1a79ba24b94d00ec96e30d50
instrument_frozen/ultralytics_local/ultralytics/models/yolo/detect/predict.py,5385,da7c65332c3fcd52aad5a7891514e06f81062f6bce16ae292d3f6d02b1c17c5f
instrument_frozen/ultralytics_local/ultralytics/models/yolo/detect/train.py,11865,ca13d09e8cae546e5f9df66f59d1b06b2d53a9cbb5978c506fa60136fb1d2817
instrument_frozen/ultralytics_local/ultralytics/models/yolo/detect/val.py,23736,11bf99b4c7f68502bfd24e47ed9d03f146370b511b26334f8aab88fb2f1eed72
instrument_frozen/ultralytics_local/ultralytics/models/yolo/model.py,18662,5a2159deb9a45c510915d6a1ebd9fd074a2678365b60bfe965480a46d81cf94f
instrument_frozen/ultralytics_local/ultralytics/models/yolo/obb/__init__.py,221,b509a91bcc151ec6a35a465d983e9c8c6a21278922eb88925d04fc258fddc9da
instrument_frozen/ultralytics_local/ultralytics/models/yolo/obb/predict.py,2634,540e72468df62156a467fe6763be4a02b7da5e765b00dcd39313151839be728e
instrument_frozen/ultralytics_local/ultralytics/models/yolo/obb/train.py,3437,23b9b14dda11d7e06d02030023d8e48739ba42e4ebe78ea3793fdeadee27cf22
instrument_frozen/ultralytics_local/ultralytics/models/yolo/obb/val.py,14563,55c864f784f900e51798a9dc08f20e9677e60e5933803ea8825666e81ace739f
instrument_frozen/ultralytics_local/ultralytics/models/yolo/pose/__init__.py,227,ffd3852e3d7d5f0bc91c147142d556e4257baef27fde10cf13dee68a2b74b0f7
instrument_frozen/ultralytics_local/ultralytics/models/yolo/pose/predict.py,3175,6bf0fafb4a824614cbfdc7057ba513341d6381a077329d7079d2c342978b3de3
instrument_frozen/ultralytics_local/ultralytics/models/yolo/pose/train.py,4907,a8200d6ebbb927b09244abaeffdb77d6fb4f7ec4d0092f5b48efcceeeca68891
instrument_frozen/ultralytics_local/ultralytics/models/yolo/pose/val.py,12276,975a921564b709f056daeab5dcffea468d39bc901d90f05c3870580b895a6bfd
instrument_frozen/ultralytics_local/ultralytics/models/yolo/segment/__init__.py,275,dc84e1859d7096463d16f9969bd704fb9f99c84e85d4583302d43a8ce385cf3c
instrument_frozen/ultralytics_local/ultralytics/models/yolo/segment/predict.py,5502,e5e1af1ff1f85d74cfbd7b0d2af0b47fc4c59f05e626ae5bb2252811be800333
instrument_frozen/ultralytics_local/ultralytics/models/yolo/segment/train.py,3042,a39b33d624dce6366a73d76ad5911d5bff8a49a5419e5b69a498e561b96cd479
instrument_frozen/ultralytics_local/ultralytics/models/yolo/segment/val.py,13435,1d665dbcdb7777883c37698a0be9b8383e32d4c14b0284e88560b90fca7e5727
instrument_frozen/ultralytics_local/ultralytics/models/yolo/world/__init__.py,131,9e587c23ab7c84c1b3fef660f104a5b145b547ed9e2af9fd0865283cf4041a10
instrument_frozen/ultralytics_local/ultralytics/models/yolo/world/train.py,7922,9c8a70c5efcd2cf41bb638c8b988300625d6db731ea26395acd539bd35a99827
instrument_frozen/ultralytics_local/ultralytics/models/yolo/world/train_world.py,9449,c9bd0556138602585b73afa9a8f3e312d159a58750c9be27c2f7f2b24b7c6551
instrument_frozen/ultralytics_local/ultralytics/models/yolo/yoloe/__init__.py,760,cda668d7fa2699ac4dbfb983ef1a5d4a898d178b3c9a939c0954d7b298349dc6
instrument_frozen/ultralytics_local/ultralytics/models/yolo/yoloe/predict.py,7097,2cea15901c68518225669a671152fc6c92923e81759a1764f36d5c8baafbe0de
instrument_frozen/ultralytics_local/ultralytics/models/yolo/yoloe/train.py,12789,5f32ff1d803b84341a9ac64129bd144bd7530f42d6c974442d60982b0fbf4758
instrument_frozen/ultralytics_local/ultralytics/models/yolo/yoloe/train_seg.py,5291,bd95aa459b3a91298192b982487deb9266375e0b9de8056377a499fe248f21b9
instrument_frozen/ultralytics_local/ultralytics/models/yolo/yoloe/val.py,9707,476a5d0c979e07a98abc91dfb6ab89f1d7fbd4606432c14fa65f11887de2ee48
instrument_frozen/ultralytics_local/ultralytics/nn/__init__.py,545,e77f0b64f50a2af737242320890e152c6a913766406952c57106de34d1c59040
instrument_frozen/ultralytics_local/ultralytics/nn/autobackend.py,15279,09861e57d299a687325531bb593a0278fb110de3f7a0149e2cd92cdef813c12a
instrument_frozen/ultralytics_local/ultralytics/nn/backends/__init__.py,1343,43084cc30c59682e57297c05f41fb89cce1b88fc3ea189484dac2ef91f1fe53e
instrument_frozen/ultralytics_local/ultralytics/nn/backends/axelera.py,1808,3c4be0f1c9f70b6b5ff45ccc5ad269951861aad38792a38bb15c0b8b171e5e6c
instrument_frozen/ultralytics_local/ultralytics/nn/backends/base.py,4443,25833d88386a35bdced32b8905bb60497649bb6b96b58f90fe7a1ce26c3e7be9
instrument_frozen/ultralytics_local/ultralytics/nn/backends/coreml.py,2381,34e7930039446a2ab682de1d2ada12e70e735ff5daccf43af0618c509cca3d21
instrument_frozen/ultralytics_local/ultralytics/nn/backends/deepx.py,2795,3227cbdb4c2e1a7062a4082e8da2fe01fdd7aea6b430b7d7d2ac67a657bf0aca
instrument_frozen/ultralytics_local/ultralytics/nn/backends/executorch.py,1867,f968b645cd62c3acbef75f40cdc6cce8e890cf8c245c0a377d41d4c36959757b
instrument_frozen/ultralytics_local/ultralytics/nn/backends/mnn.py,1954,f1e810275a2261921ee105d70b03ee121b22205c17e39781fd08b2e7e954f21a
instrument_frozen/ultralytics_local/ultralytics/nn/backends/ncnn.py,2474,f6b6b739f7291906c0a95d143bc57218b6772064154f5931feae3f4388a44ffa
instrument_frozen/ultralytics_local/ultralytics/nn/backends/onnx.py,8522,8a26c4a1e4787c977d610111080b08b7992f0c0617abfcae5785e28bb7805a5b
instrument_frozen/ultralytics_local/ultralytics/nn/backends/openvino.py,4330,1bf0e90bfae813dc7612bd25cd6a698a900f2bde035b821e4fb0f45d01377b56
instrument_frozen/ultralytics_local/ultralytics/nn/backends/paddle.py,3020,01019d89093d487665d3068e9bfe41e700f8ea638cb01d6ca58c4fb6b83a3116
instrument_frozen/ultralytics_local/ultralytics/nn/backends/pytorch.py,5512,22a250b6c2d704dd6828eecdd59884fd06ead0b98a696fdc51510e22e011eaae
instrument_frozen/ultralytics_local/ultralytics/nn/backends/rknn.py,2303,debb795712009d7df7f5fca27804a8d964199eda157bd2f8e784ae281649e4ac
instrument_frozen/ultralytics_local/ultralytics/nn/backends/tensorflow.py,7820,b32b9ff639c4a71691e3e22b6f07916275dea2a2cb95fcf0d0c2a6ca2fa44a54
instrument_frozen/ultralytics_local/ultralytics/nn/backends/tensorrt.py,6034,b710e99b6eb31f7ae7acf819687406806543a861fbed9b06ccedb816002e71c2
instrument_frozen/ultralytics_local/ultralytics/nn/backends/triton.py,1463,b5f3e689f30dc52947f7904f8aa01219077eea4ffd511187604f474e54296057
instrument_frozen/ultralytics_local/ultralytics/nn/modules/__init__.py,3322,f4ac90071a689a9e6e249d4fbcc1ae385b36a51dcda6a65c14726533a439e9cd
instrument_frozen/ultralytics_local/ultralytics/nn/modules/activation.py,2219,27a9fe0892852b461b8707110ea9bdcc424cf69480132723e6ab90b2cff7c7a1
instrument_frozen/ultralytics_local/ultralytics/nn/modules/block.py,74895,0086ef587d984f657f28adda99a6186f69bf27b77a05650fca3b99995ed78fc8
instrument_frozen/ultralytics_local/ultralytics/nn/modules/conv.py,21090,c802f36ea1596d8910f2b651d57877b50a4960857b97cbb5a20d44a1dbbaa774
instrument_frozen/ultralytics_local/ultralytics/nn/modules/head.py,79586,6d1c0ab2617196ef8697e3058744aa3fcb9cfc8f24f15dee6ece5f9e23a84112
instrument_frozen/ultralytics_local/ultralytics/nn/modules/transformer.py,31979,8986f3f58a5e30a42545f544f1a35f5e5861b13ee5d4507d8b2afab1c41df782
instrument_frozen/ultralytics_local/ultralytics/nn/modules/utils.py,6013,bcf0492178d3924b5d6a5f5808906b7aec6214172b70bfeb21b3aab308b17164
instrument_frozen/ultralytics_local/ultralytics/nn/tasks.py,74207,ac113326ce69ef1644012c21d2e641b0e40a9b99501fedfc4fd7f16cf319ae8d
instrument_frozen/ultralytics_local/ultralytics/nn/text_model.py,15375,d081a7293fa90349d21dfbba1149347b96353248495646e598ee3e3feaa18088
instrument_frozen/ultralytics_local/ultralytics/optim/__init__.py,130,4a5dc3c767a268977fbb855b9aa701a9658317c1479cee56d270442fcfccfc2e
instrument_frozen/ultralytics_local/ultralytics/optim/muon.py,14241,22ef96094e891696ccb8bb14c17c669a1e2e219698943f2e29aa55db2812c1ee
instrument_frozen/ultralytics_local/ultralytics/py.typed,8,95aebb28195b8d737effe0df18d71d39c8d8ba6569286fd3930fbc9f9767181e
instrument_frozen/ultralytics_local/ultralytics/solutions/__init__.py,1209,263ece7118988c71fe7b5d381f8c538238d1e56e9a3c1e260519dd6da48f9a05
instrument_frozen/ultralytics_local/ultralytics/solutions/ai_gym.py,5181,7eaf6c21bd11041bf277b4994a163c4ceebdd2529ba4f34e15aa783868b9088f
instrument_frozen/ultralytics_local/ultralytics/solutions/analytics.py,12776,5293b03b5e4d54984bcc18472dacba4c26d493c116494280a6540c6fa2962312
instrument_frozen/ultralytics_local/ultralytics/solutions/config.py,5428,cfc7d611148d414b999e2fabc4341ab6a9d8121b8d6c2938ec900d7dd999a425
instrument_frozen/ultralytics_local/ultralytics/solutions/distance_calculation.py,5891,45ca510e87441c0254ba0f6da1bb502ade7f6f248d03c34c49189a2f7e3b4355
instrument_frozen/ultralytics_local/ultralytics/solutions/heatmap.py,5474,25d01b937dfc9d6b11ee3e8a4ff2b5b6cde502184ee4146d73a50026149548d4
instrument_frozen/ultralytics_local/ultralytics/solutions/instance_segmentation.py,3778,a68c5f08a978826ee91e18f050b39e20f211cbdabfc0ec6ac2d9d45d713d3614
instrument_frozen/ultralytics_local/ultralytics/solutions/object_blurrer.py,3981,119aefde853af2411a6a103196193d705e59285b6855a5bc6c30780acb3dc5ed
instrument_frozen/ultralytics_local/ultralytics/solutions/object_counter.py,9355,3a93122e57a70caf9c2ef0a008ea0a6ea317219ae7832a8ff033fa65e12758bf
instrument_frozen/ultralytics_local/ultralytics/solutions/object_cropper.py,3510,5916eb7d7011e5a0fa3d006a27e06f7156a26aab5affd61e4e55cdd9d636ef8b
instrument_frozen/ultralytics_local/ultralytics/solutions/parking_management.py,13770,4347c414a96fe9d28a5aec3fe2399669e1d05571a9a73b94ed5aff1ea558a873
instrument_frozen/ultralytics_local/ultralytics/solutions/queue_management.py,4371,365557e8f30469f7e3a198df42b5726b268351db5cd0917c1b34d0ad9163a428
instrument_frozen/ultralytics_local/ultralytics/solutions/region_counter.py,6025,200be5170118a0d7ed0f37c16dda393332f072e89d3875bda131b24420f33117
instrument_frozen/ultralytics_local/ultralytics/solutions/security_alarm.py,6273,73ba1d86abf15ce4a22d59355b575e0330f22796d0ba44bfb211dac956e5f207
instrument_frozen/ultralytics_local/ultralytics/solutions/similarity_search.py,9644,43614e054b44a247a08891e57c36cf3f46cac6be45fac1cddfe22fb240e87b4d
instrument_frozen/ultralytics_local/ultralytics/solutions/solutions.py,37187,b4fea46781a24ecacfa33bba1162a89c435a64765e07201253c3f2b0f2c7aa34
instrument_frozen/ultralytics_local/ultralytics/solutions/speed_estimation.py,5861,5ab6440b1280aba3f84297936e1929dfe46a8e7a31eed751db97d4c73a339695
instrument_frozen/ultralytics_local/ultralytics/solutions/streamlit_inference.py,13060,42e176a7672385ac90f02aa03b0d01b940f3f9c227cda0ffb3f7aa26e4248030
instrument_frozen/ultralytics_local/ultralytics/solutions/trackzone.py,3903,a2abfecd92fdf5155431c37956200f99a7735fa40d740128cd8aeb836a6a3ba9
instrument_frozen/ultralytics_local/ultralytics/solutions/vision_eye.py,2982,6d25e627ddc3c8bbb8fc25a06c5dc6907ce1fd5a6212690ae6f5490cf3c6cc8e
instrument_frozen/ultralytics_local/ultralytics/trackers/__init__.py,255,9f704e3b44d1f92cf900d0d83a42838a933d9d21ce78f304c2a69f6e4f9810fb
instrument_frozen/ultralytics_local/ultralytics/trackers/basetrack.py,4374,17e116dbd17d13c1b05ebe6fcf02ea5b6acdc08b6ee0a231d8c29c7b9a505f12
instrument_frozen/ultralytics_local/ultralytics/trackers/bot_sort.py,11745,49e00b0a870665ddff4c3e73747a0c81156fed04fa4a0c19ea2d21efea8aae61
instrument_frozen/ultralytics_local/ultralytics/trackers/byte_tracker.py,20953,05545b07876311937097fdd61a47cfba7dc09fd3695fd35603eb61be09c0b40d
instrument_frozen/ultralytics_local/ultralytics/trackers/track.py,4727,06ddb08eef83c64b028945dda7274f824f8195c80237f650a327d0761e0f8094
instrument_frozen/ultralytics_local/ultralytics/trackers/utils/__init__.py,70,966e8c72415808f4dba88a17ef0d2cfdd6b176335e05e296e835e9a6fd7e4143
instrument_frozen/ultralytics_local/ultralytics/trackers/utils/gmc.py,13800,9c3a9d8fc532de6bbed6ed3f3ecc2d029b3c72281db07e8da4e2074fa538b0b0
instrument_frozen/ultralytics_local/ultralytics/trackers/utils/kalman_filter.py,21622,3e2722d310e2b037125da3a4a5a4e314e1fa63c58372d4bbd5f030bf113290e1
instrument_frozen/ultralytics_local/ultralytics/trackers/utils/matching.py,7110,8b494752a08c15d71c8027e1a5c3b4cc705a00845466dea6121aa46751ac11cf
instrument_frozen/ultralytics_local/ultralytics/utils/__init__.py,56863,e9b1e283c9d91f5751ecee949adae9614ccf4212ff9114da545bc96edb9163c8
instrument_frozen/ultralytics_local/ultralytics/utils/autobatch.py,5679,160207346825427be6e33776a549d8c6f9d9de8039d240e4115c6db0c4dfe7b5
instrument_frozen/ultralytics_local/ultralytics/utils/autodevice.py,9107,8116dd34f2bda2847a93c09547fec598ef96cf57ec90c9975519255d40932996
instrument_frozen/ultralytics_local/ultralytics/utils/benchmarks.py,32809,d1ddb3d647a371ee8937d1b12b21f5860468990c5ed85106fd2edd19aff11228
instrument_frozen/ultralytics_local/ultralytics/utils/callbacks/__init__.py,242,8732fadd171ee9591984fe0b7229bd2ca8da762c5a406f3a9caa8f864ec8912d
instrument_frozen/ultralytics_local/ultralytics/utils/callbacks/base.py,7468,a6aa459f7999b0b6bcb17064c5a6e31dde92d3df0d81fdfeaa9a32112dbd18fa
instrument_frozen/ultralytics_local/ultralytics/utils/callbacks/clearml.py,5868,43af64b797a78335252082334987898835b51090574d2b81d237e42f3c6af90c
instrument_frozen/ultralytics_local/ultralytics/utils/callbacks/comet.py,25139,fd160c509cc82a286062b2fd8323dec099737721a2273d8f8b4e7c68489ed91d
instrument_frozen/ultralytics_local/ultralytics/utils/callbacks/dvc.py,7485,3995ebae75cff067225fcf735ed4d9d170b1382d6004d5f3f5c8a7f7cff56b42
instrument_frozen/ultralytics_local/ultralytics/utils/callbacks/hub.py,4250,afe0808661c8ebc686226574b643d89b8af4b1a619c39058dd9ad10b475084eb
instrument_frozen/ultralytics_local/ultralytics/utils/callbacks/mlflow.py,5323,c025e342076e7e9f4b62e8ea3332d93a620ebabea4beb0291cd7a8f5d03bb7f8
instrument_frozen/ultralytics_local/ultralytics/utils/callbacks/neptune.py,4391,fefb7770cc031c247e2f24f72ad462906a63e801b5d6843eb24514514759ef8a
instrument_frozen/ultralytics_local/ultralytics/utils/callbacks/platform.py,20402,482f33d7f2c083f92514831f04caaaab216d8cbec9084f9e9c02368368085727
instrument_frozen/ultralytics_local/ultralytics/utils/callbacks/raytune.py,1278,634745c8d65546e168bd287b9e48142074d02f7c485ce002125807b986e0ff92
instrument_frozen/ultralytics_local/ultralytics/utils/callbacks/tensorboard.py,5039,2bb6fa2ad0bbae299fcea16ef8d0d9ff9e536ddede0ba4dc92a41d4cd3ee43a5
instrument_frozen/ultralytics_local/ultralytics/utils/callbacks/wb.py,8172,3d47571881424694c1de5d049415a23816bce79369eb7eb63d1599054b6f8311
instrument_frozen/ultralytics_local/ultralytics/utils/checks.py,41568,16d003a72b45b0900bf364fcf150479fe1e62b2b324633f67740f620ec1bea4a
instrument_frozen/ultralytics_local/ultralytics/utils/cpu.py,3493,3a4b0a3a55fddc0b1b4ac16ea18bcb5d15e0a643a26eb652c10c96ea58a9b784
instrument_frozen/ultralytics_local/ultralytics/utils/dist.py,5003,da4290e4ce931871624f362f92800593b11a969709ee6b991fdf3446aacc7787
instrument_frozen/ultralytics_local/ultralytics/utils/downloads.py,24840,0b0d7aacf2323a2f28e0773ec7a03d46e6fe129b355027e748e810fd9d335924
instrument_frozen/ultralytics_local/ultralytics/utils/errors.py,1388,75465c4d6a5b2491ea12e58733a21b7a8249e13cc0ff21c13fc13bb44129055b
instrument_frozen/ultralytics_local/ultralytics/utils/events.py,4911,91fbbc8fe24a1bb74d9fc007364ca5527d60e1d73f8324dbe34832d925a4fe59
instrument_frozen/ultralytics_local/ultralytics/utils/export/__init__.py,900,4eda95436bc3357bd0568d943e19e511146c19c3c82f517e232d96a0bf2a9413
instrument_frozen/ultralytics_local/ultralytics/utils/export/axelera.py,3528,b7529cf64aba539a6054010de5f7d03f8364d938dfd93b3534f22e7e2f9981e3
instrument_frozen/ultralytics_local/ultralytics/utils/export/coreml.py,10696,1a78798846567706ba340c135f8e6fdb18399c05c074cef6368ee68c36ea29f4
instrument_frozen/ultralytics_local/ultralytics/utils/export/deepx.py,2713,dc5b7e1773283a55861e9138f8601953adc10580584324ef9f06b3f948363f50
instrument_frozen/ultralytics_local/ultralytics/utils/export/engine.py,12786,68cdec76a826358249acd8ba7b6b541fd4a3c7ae82dcf68e50bc2cdb14404ef8
instrument_frozen/ultralytics_local/ultralytics/utils/export/executorch.py,2829,01c20087490b58b3b610dd832b68f0e6591137234181b2baf1730c0e0d44f9fe
instrument_frozen/ultralytics_local/ultralytics/utils/export/imx.py,15246,aaeda1cbbc0ae5809171aa8bfc80d588548f21774715d775edce09fb74af7aec
instrument_frozen/ultralytics_local/ultralytics/utils/export/mnn.py,1908,11628db372386712b6d8967574e1e331d556d57363081ab43c9e73bcb456a211
instrument_frozen/ultralytics_local/ultralytics/utils/export/ncnn.py,2411,d52af194f96d7f1865b1f15fa6fe6f34c0d1784300cacce775e34202c63a78e7
instrument_frozen/ultralytics_local/ultralytics/utils/export/openvino.py,2221,31d8037318eab6009dcfe6bcb40e358d95613876fc2810c89c925dc717e9df68
instrument_frozen/ultralytics_local/ultralytics/utils/export/paddle.py,1812,52c7254df70a4860e70dc1466dea40809bdda6f8432a78665ac84c632df89d0c
instrument_frozen/ultralytics_local/ultralytics/utils/export/rknn.py,2166,46ae6f692d4480f54c77f321d253543508691305b57475039be1051f9745c0d4
instrument_frozen/ultralytics_local/ultralytics/utils/export/tensorflow.py,13082,51120987c4e88851aa7ddc3208e64ada4fc04b8716d7be7b18ee2946af1080f3
instrument_frozen/ultralytics_local/ultralytics/utils/export/torchscript.py,1627,7d0f51dba839766926a28f14dd779fee048bea23773b0eae6fbf0a94d1073cef
instrument_frozen/ultralytics_local/ultralytics/utils/files.py,8194,e936fffbd6ba3c9f07ab3507ec6361252cb4e4d3aaad38f3d54c94fd58abc7a9
instrument_frozen/ultralytics_local/ultralytics/utils/git.py,6961,a4040c3bde3400dee4f38768b1ed58c713f943d5e7439430141d50573f6dea62
instrument_frozen/ultralytics_local/ultralytics/utils/instance.py,19442,687043e45f2d26f965e693df5a55c5217c82c796986e8680d55f710a087957ad
instrument_frozen/ultralytics_local/ultralytics/utils/logger.py,19250,5fe72fe8c2f384779c555475d4f7d03bad8428d75e648d5207d904f2a7e765cb
instrument_frozen/ultralytics_local/ultralytics/utils/loss.py,65354,ae55fb63174b7a05387b73c703ef4d8d797e3fc58ad146a50efed5241c2d1750
instrument_frozen/ultralytics_local/ultralytics/utils/metrics.py,72225,b1a09879c3c83d42bc2a134e665f69c85a67c6b6ec92dfd2be5dce22b2fc7df1
instrument_frozen/ultralytics_local/ultralytics/utils/nms.py,14377,f17f8bfba204ff96e95be41747504d23949f32a68fd29fe4a17b151cdf08b212
instrument_frozen/ultralytics_local/ultralytics/utils/ops.py,26193,96cf96b815d141dcb4e618e2d6b0a4552c2a982c3d89461de34d7d63abef32b9
instrument_frozen/ultralytics_local/ultralytics/utils/patches.py,9520,c1ba9533dcb991fc770197fdd15ecb70a5c38395039661a68a7ca20940d0ccdd
instrument_frozen/ultralytics_local/ultralytics/utils/plotting.py,48820,13d97aa834e09212f19cb00d666ea11d506e23115f8ecace98a0eeb582b57d48
instrument_frozen/ultralytics_local/ultralytics/utils/tal.py,34792,7edbbc7a8aa6da5e70166211671ed15b848d6f5005e761d6c105fa708b4d9024
instrument_frozen/ultralytics_local/ultralytics/utils/torch_utils.py,41854,46238199b41d1242314a19d1caae0159a114f7b41c2e8218eec7382de6a708b6
instrument_frozen/ultralytics_local/ultralytics/utils/tqdm.py,16353,63d9d4e5a493cadeb912510b9224f3de2f3cd25e21946559bda662a5bb3319dc
instrument_frozen/ultralytics_local/ultralytics/utils/triton.py,5215,a9f038549bc65548d48febae4331dcd1e67df3dfa266474c9aeaa8e169e8b54d
instrument_frozen/ultralytics_local/ultralytics/utils/tuner.py,20651,e11769aa6b26181700b7af9ab949f19ba134e4ce38e080b880a24b1adc1eada3
instrument_frozen/ultralytics_local/ultralytics/utils/uploads.py,3809,c0b208773426258937cb257e242dc63f6871b8467fca93597ae879f5066e73ba
instrument_frozen/validation_evidence/boundary_discovery_manifest.json,3015,607b6f16379079d8a7a80c95ea39f28668ae7d959af261123fb8380230ca2094
instrument_frozen/validation_evidence/boundary_discovery_summary.json,798,a6a251ded6e22a49435fc0f5d8e92819682fae760ac7b534edb219f336acb5b6
instrument_frozen/validation_evidence/boundary_geometry_analyzer_selftest.json,37,44b44c84699092007e82ac3eff7ed385fbdf8b03e700c83c5056a0a5c6701fe6
instrument_frozen/validation_evidence/boundary_geometry_summary.json,2577,8e0b4339a9752894cf6ee91f06ef34dbe9b3505b3ae0ae6a6afc57742837063a
instrument_frozen/validation_evidence/boundary_numeric_repro_summary.json,627,4d348a8987750008cf787d1bedea1b0bd797f441bb8977bcb11b7833bb372661
instrument_frozen/validation_evidence/boundary_reference_formal_manifest.json,2706,501fe2a809e8c2c09c8d6176ce077453adf3198de030ec0d950b301926b20680
instrument_frozen/validation_evidence/boundary_reference_formal_summary.json,421,4d3a9568f5be5e1798fdc6b29dc757f381aba6df53228d60967b0f75ebe62aa7
instrument_frozen/validation_evidence/boundary_reference_output_inventory.json,6569,ebc455fee2acd9b5609743ebf705e330f55d5e7648554419e07472014b3c636f
instrument_frozen/validation_evidence/boundary_reference_smoke_summary.json,415,8ec86e889ad40fdef04816d4eb1d760e451cf346aabacd9cda907b6336c7145e
instrument_frozen/validation_evidence/confirmatory_analyzer_selftest.json,38,92f8fb03e25a487a5b610d3b40f1cb1c4e6d2a2e06e1509842a79260f58d72e4
instrument_frozen/validation_evidence/corrected_anatomy_bootstrap.json,9221,ca23d877b18858bf2b8024cb280c0a91f5db47756cfb9057cfc9bcaa762ae2dd
instrument_frozen/validation_evidence/eligibility_lock_summary.json,4769,dd01d94b093cf078ac22609e0066bfe1d3edab014c5c742c7231e26f7a5908df
instrument_frozen/validation_evidence/eligibility_stable_summary.json,5026,27c12ddde8d15d144f7167f9fcc2f187b32dafb5cc5ccc9157c36ce0e2d750e7
instrument_frozen/validation_evidence/freeze_builder_selftest.json,482,610c69fda58e788ccda35e4ea954ba162123dd81645ad153de7a67f1efc211ba
instrument_frozen/validation_evidence/lockbox_chain_selftest_manifest.json,2220,b80926695d32620f499baf0d576f88eea5298286d388fc20f8455b270d1b6244
instrument_frozen/validation_evidence/lockbox_selector_selftest.json,37,768fdee7078bbb8bda1d7608be53b756e25491380f2a5ecd845816174fa50c0c
instrument_frozen/validation_evidence/mutation_validation.json,1518,9f59974b2d57ab375d6c84a4a9dd4e558acc972c28765ced6cd3beaa4b2def73
instrument_frozen/validation_evidence/oracle_validation.json,3491,689a6dd98696bf364cbc622430ee21c51eecaa7f08fe954d66e9d5a1611d8f92
instrument_frozen/validation_evidence/preresolution_fixed_summary.json,3549,964fc7b08e1edee1adc870cfa93d6b02f34f299d3022f311ad213a11288d8526
instrument_frozen/validation_evidence/preresolution_normalized_summary.json,3552,6fa33d8c15749f526a64efe58fb477d5cb860c863d7774f05ff6e157935b0c80
instrument_frozen/validation_evidence/rank_set_fixed_summary.json,11393,649627210a886208014733f881429f6572f414d306bb051fe52c6ef2758ed4b4
instrument_frozen/validation_evidence/rank_set_normalized_summary.json,11386,7f1a83d6b538143dbf1ff38b8deecc7627795298d73733a72abfd4b7e102b11d
instrument_frozen/validation_evidence/real_parity_deterministic_5k_summary.json,829,391661c8eae8d10af84dcd2b81330bf5104aa783c35b5e5629a8401c016b8157
instrument_frozen/validation_evidence/real_parity_summary.json,828,68e933ddf4eab8b203b1e96a649128be9d17211eaa64132c432a67f1cca87822
instrument_frozen/validation_evidence/run_output_inventory_selftest.json,37,1a9e3255d26a6be643c4730a7c8bd5dd982271e9d8acc4a9f299e42c401ccbdb
instrument_frozen/validation_evidence/sealed_bundle_validator_selftest.json,141,f046ec3fea5585e760f191fd6b8cc1a393f084c32997a8d252e9a357043afd67
LICENSE,34523,0d96a4ff68ad6d4b6f1f30f713b18d5184912ba8dd389f86aa7710db079abcb0
LICENSE_SCOPE.md,881,9aaea32b0da232d08a43bea66955db2604343d830ac7776628a09a9850b39cb3
README.md,3531,548a07ed50ba403e4b72cb2f28eac7cdbfdf034f30093c78b495aa40c51aed81
RELEASE_CHECKLIST.md,1917,ceda6c5681a2e20e620ac61e17b97595e5cc4e8a69b34e16bda473eddc9badf9
RELEASE_TAG,7,19a52200a4f30a9a8b8dc92e384a147636c73929b50b92cbe97d4a3a271a34d2
requirements.txt,355,0ede8008c583b6c59de766a743604f8e2f672c8a24a6815a82cfca926ca59be8
scripts/analyze_assignment_boundary_geometry.py,34294,df9c3d4cbc974cbbfa87da6a22e071085dc50ba9793b3e061d23ad3e03cab598
scripts/analyze_assignment_boundary_radius.py,66353,acb52ac934c5efd864081bb8d05fd0a2028db35877b4e70a1d1ed76f8bb88d2a
scripts/analyze_axis_normalization_sensitivity.py,10515,1ed6f7d79ded22251959c714936e071b320791936ae689dd3e4d727c4694cc22
scripts/analyze_confirmatory_lockbox.py,50602,3e587b048dc1b2c0465d4ef0215fb5a4012d479af6bdfd19d30db250d7c46905
scripts/analyze_dense_grid_convergence.py,27072,07e90975e0e713f5964893eef83e9b777a08e634fee05deb88f85da3a5dcf552
scripts/analyze_eligibility_stable_and_pathway_contrasts.py,10068,a113abe0ccda2d3ab0df78b4381e6c1a40e89893875c9c81e97b4adf0519bca9
scripts/analyze_first_divergence_cooccurrence.py,5535,4cadeed20274ec59d42a8c3a323b25789959077cc5082070a7ddb97f2ec2b3c1
scripts/analyze_four_valid_direction_sensitivity.py,6246,d84db370f5cfa499edd8fa1571b9dc76c87ee24e86b57595c41fff0331fbb15e
scripts/analyze_native_alignment_path_anatomy.py,22429,759003f4db31809e1d503dd10b9ae033b99064fc52cd4c434f0fc5c19a8906b7
scripts/analyze_o2m_positive_count_and_scale_controls.py,33096,904743337a8e57885e28c5bb437e63a2a3a9b5267f909bc8808f8b45043d8c71
scripts/analyze_o2m_rank_set_decoupling.py,20548,6a2888117f36afeb13bc0f04ed192c4e5970457dadb314d2ae41d29eebf96b27
scripts/analyze_o2o_preresolution_control.py,27873,f411ad13033b69dcb8abeeeee6970487b41c7d2e6c31074af7209b16e2dbc796
scripts/analyze_rank_set_empty_transitions.py,3783,f6ce9c499c0fdab8e028b4fe79571be7c54fae3531eb59d111d7a62550c60d3d
scripts/assess_dense_grid_science_freeze.py,20059,275e11eb652ab8c85346cfdc4d0038ae932df010992d6cfc7ca418509dc47382
scripts/bootstrap_native_path_anatomy.py,4342,7b3ae55b55511fd847f2c732123dd008ed0995dbc397e4cf78caca59788521fd
scripts/create_instrument_freeze_bundle.py,50753,6e22b866e953e83d37a961b92a7acb2abbf54075a3ab3a319087268b32dc6d98
scripts/create_run_output_inventory.py,6529,cac201818ff0454d1e1363f857519af2fc444694153c4e7023bfef2541b50b0d
scripts/margin_o2o_replay.py,6426,b38679eb0439c99f5efef46448841d1cc5c0eb3bb9eee4467393ca14536f5c9f
scripts/merge_boundary_population_workers.py,50420,11b08c20c9283c8cf2263edfcfe1f2df65991b0eae0f5cf892051c3a6d8aeb0f
scripts/prepare_disjoint_audit_lockbox.py,25947,45ffdcc42570b6d0da6929f15eed8034f2eeb99eb27b084d7529b3ca41bf1170
scripts/reference_o2o_assigner_numpy.py,6962,35f0071c8c9b7771d2c0765ec0f051eb495a653feae64a58a17fd2aa4c4b4a63
scripts/run_dense_grid_postprocess.py,27036,326da83b3a1446320fa14b55a3b52ddb60b3eacb9087090a34c1b662f78093c4
scripts/run_eligibility_lock_counterfactual.py,15470,cfcb4bc8bc88670013acaaf113371608b028d906170071daf216169916141c5d
scripts/run_reviewer_killer_controls.py,32059,a3a472f04d2a2f9ffe232e68ccc30c21c18f433acaea63970916d1ca570c7dfc
scripts/test_confirmatory_lockbox_cli_e2e.py,24457,aff63c85568a225d0dcb47cdfc53d8a175ee52c8ea5190b9310c2c6801a86d23
scripts/validate_audit_instrument_mutations.py,5013,41b0d8bb45756f3297f343a3eb013a18a8bb8e5f0a620c5c16a1265b01267cf3
scripts/validate_audit_instrument_oracles.py,12607,9858b62ce369a109701a725cda507ba204f1fde042092eba1e884cd2e4eb687a
scripts/validate_boundary_radius_reference_subset.py,32360,6677982953b75685725c73d2548b15e299d4494a5cc5805670209b34afd5b19a
scripts/validate_current_evidence_ledger.py,7111,228da9111a07f217bf42ba7f4230b3e40d61b32722455750a90867243b3f8e46
scripts/validate_frozen_extraction_contract.py,7075,ba8af89795efd44717d3359e5421fc35dbf2d91cb4db5c0f94698540ab5fdc52
scripts/validate_native_production_reference_parity.py,14014,cf06325e103ebc5e5d2ec9359cd6cb1271510c2ddb4e56931de7c99a655217b3
scripts/validate_post_access_repaired_analyzer_parity.py,11166,41f8f9b61414ea2e0518b2e885856b981199e3f1c000b6c148a86f5724120ba8
scripts/validate_sealed_lockbox_bundle.py,37950,37a0fdd164aaeb87ca83e035906e2198169c965c83de0ce8d0782eb2f1d6a4e2
scripts/verify_release.py,1717,797fb27d296618452fc1d97f83d8bd6464cfbba88f7f593b8844b38cd36bcfae
THIRD_PARTY_NOTICES.md,1206,7d545f865b6d4ccac6f519acd8bf6089ef7a81ab808869c8cc2c4eaaa0710af2
VERSION,6,2985be8b28d3ade858e8d8fb4bc22f565b1bf6020dff982dce141f7721b9999c
